district,total,Europe: Total,Europe: United Kingdom,Europe: Not UK,EU Countries,Africa: Total,North Africa,Central and Western Africa,South and Eastern Africa,Middle East and Asia: Total,Middle East,Eastern Asia,Southern Asia,South-East Asia,Central Asia,The Americas and the Caribbean: Total,North America,Central America,South America,The Caribbean,Antarctica and Oceania: Total,Antarctica,Australasia,Other
,,,,,,,,,,,,,,,,,,,,,,,,
Darlington,105564,102914,100025,2595,2484,503,84,83,327,1686,196,303,854,325,8,330,204,14,36,76,131,0,129,0
County Durham,513242,504821,496579,7134,6603,1855,338,249,1243,4588,644,1462,1385,1067,30,1461,1114,39,192,116,517,1,500,0
Hartlepool,92028,90549,89469,929,869,336,46,56,229,949,92,174,427,254,2,112,80,6,12,14,82,0,75,0
Middlesbrough,138412,130113,127042,2608,2350,1867,466,533,856,6139,1126,677,3939,391,6,199,108,6,32,53,94,0,91,0
Northumberland,316028,311407,307103,3628,3333,1105,112,141,836,2282,243,364,975,697,3,851,590,14,140,107,382,0,369,1
Redcar and Cleveland,135177,133745,132158,1240,1113,364,46,39,275,740,97,125,306,202,10,200,144,6,26,24,127,0,125,1
Stockton-on-Tees,191610,185500,182769,2223,2018,1410,144,245,1000,4096,548,653,2206,681,8,428,268,21,75,64,176,0,165,0
Gateshead,200214,194490,190351,3699,3266,1378,147,390,828,3633,1222,762,1093,535,21,551,386,23,92,50,161,0,155,1
Newcastle upon Tyne,280177,252326,242598,8664,7472,5540,1109,2398,2011,20423,3378,4822,9343,2819,61,1445,924,71,298,152,443,0,416,0
North Tyneside,200801,196041,192855,2749,2395,1092,140,257,684,2905,377,597,1264,645,22,515,344,27,99,45,248,0,241,0
South Tyneside,148127,144667,143163,1298,1151,586,83,165,329,2528,548,201,1543,230,6,242,135,7,71,29,104,0,97,0
Sunderland,275506,267758,264201,3026,2783,1611,223,585,774,5533,657,1154,2524,1190,8,443,280,10,90,63,161,0,153,0
Blackburn with Darwen,147489,129562,125695,3232,2996,2329,143,188,1867,15134,908,338,13546,337,5,371,165,17,67,122,92,0,81,1
Blackpool,142065,138915,134362,3505,3339,680,144,126,392,1951,207,361,789,593,1,360,229,1,55,75,158,0,158,1
Cheshire East,370127,360771,349833,8897,8360,2148,203,356,1569,4895,656,821,2118,1288,12,1643,1018,27,282,316,670,0,643,0
Cheshire West and Chester,329608,322484,313621,6685,6180,1932,202,263,1441,3431,314,667,1446,989,15,1243,810,49,224,160,518,0,491,0
Halton,125746,124312,122361,1305,1204,332,35,53,238,726,74,176,276,197,3,243,170,8,16,49,132,0,121,1
Warrington,202228,196549,190719,4632,4369,1201,169,222,800,3509,372,541,1826,766,4,647,427,21,75,124,322,0,307,0
Allerdale,96422,95195,93845,1138,1061,307,29,24,245,551,51,112,200,182,6,245,175,9,31,30,124,0,123,0
Barrow-in-Furness,69087,67990,67073,697,629,222,37,28,155,598,53,143,172,227,3,189,134,6,37,12,88,0,88,0
Carlisle,107524,105381,102253,2787,2651,482,44,76,352,1175,76,308,524,263,4,351,260,10,53,28,135,0,131,0
Copeland,70603,69488,68577,722,673,225,24,37,161,589,40,147,218,183,1,200,152,1,23,24,101,0,99,0
Eden,52564,51773,50767,879,846,217,21,14,178,348,43,77,141,85,2,131,104,1,15,11,95,0,93,0
South Lakeland,103658,101322,98649,2326,2201,568,56,44,458,968,92,290,300,285,1,558,397,19,57,85,242,0,238,0
Bolton,276786,253069,245562,5931,5218,5497,269,1278,3733,17084,1861,824,13495,897,7,868,392,17,113,346,267,2,246,1
Bury,185060,175149,168945,4329,3898,1685,171,427,1064,7241,1331,645,4692,562,11,765,363,21,119,262,220,0,211,0
Manchester,503127,410618,376066,25516,22942,25815,3126,11494,11018,57358,9927,9820,32726,4687,198,8358,2019,365,1197,4777,977,1,905,1
Oldham,224897,203193,198396,3517,3199,1932,110,610,1147,18850,486,484,17306,573,1,778,241,12,71,454,144,0,132,0
Rochdale,211699,194495,188102,4484,4161,2654,166,1122,1316,13883,628,540,12069,643,3,497,239,15,82,161,170,0,146,0
Salford,233933,218682,206471,9612,8853,5477,494,2607,2345,8153,2332,1713,3020,1071,17,1270,619,54,369,228,351,0,337,0
Stockport,283275,271428,263914,4576,3974,2173,272,425,1436,8053,1735,1135,4268,901,14,1205,580,41,215,369,416,0,405,0
Tameside,219324,209536,204054,4030,3755,2284,128,514,1522,6785,247,610,5409,514,5,522,240,14,95,173,197,0,186,0
Trafford,226578,210899,201177,5977,5416,3131,638,627,1834,9628,1311,1487,6004,804,22,2449,712,44,241,1452,471,0,455,0
Wigan,317849,312246,306656,4341,3980,1865,252,478,1119,2870,647,547,1097,576,3,545,322,11,80,132,323,1,314,0
Burnley,87059,82135,80325,1284,1169,295,53,29,208,4331,113,159,3621,437,1,199,98,2,44,55,99,0,78,0
Chorley,107155,105165,103230,1444,1340,469,84,62,310,1021,89,144,578,207,3,368,192,4,51,121,132,0,131,0
Fylde,75757,74094,71982,1593,1505,376,59,45,269,794,114,142,308,225,5,321,207,33,37,44,172,0,126,0
Hyndburn,80734,76776,74942,1452,1384,290,30,15,238,3436,106,174,3033,122,1,157,104,3,20,30,75,0,75,0
Lancaster,138375,133627,128254,4598,4201,947,112,209,621,2840,233,1134,980,474,19,669,446,25,120,78,292,0,272,0
Pendle,89452,82373,79745,2219,2087,282,37,34,202,6550,112,159,6094,181,4,176,123,6,18,29,71,0,69,0
Preston,140202,127446,121470,4985,4734,1888,142,288,1383,9807,760,1019,7461,561,6,904,300,22,90,492,157,0,149,0
Ribble Valley,57132,56144,55079,802,743,234,17,46,170,519,42,99,268,109,1,148,109,10,19,10,87,0,87,0
Rossendale,67982,66101,64864,765,707,226,17,35,170,1445,33,137,1118,157,0,149,101,3,22,23,61,0,61,0
South Ribble,109057,107122,104961,1576,1498,526,46,41,427,1003,94,214,440,252,3,277,159,9,40,69,129,0,125,0
West Lancashire,110685,109162,106397,2244,2177,397,58,47,285,721,74,128,323,190,6,279,163,9,63,44,126,0,122,0
Wyre,107749,105985,104153,1301,1186,345,40,57,244,1025,72,275,355,318,5,265,187,6,43,29,128,0,124,1
Knowsley,145893,144128,142487,1070,915,428,50,163,214,985,103,208,431,243,0,275,143,9,53,70,77,0,76,0
Liverpool,466415,435790,420290,11844,10607,8886,1227,3374,4239,18747,5416,5810,5480,2012,29,2410,1104,136,506,664,581,0,548,1
Sefton,273790,269054,262234,4921,4549,1287,219,193,865,2254,306,606,829,506,7,879,461,43,236,139,316,0,310,0
St. Helens,175308,173038,170581,1716,1578,498,85,69,338,1326,126,274,606,320,0,306,215,10,44,37,140,0,136,0
Wirral,319783,313038,306853,4039,3684,1386,219,191,957,3861,323,982,1682,859,15,1062,687,29,190,156,436,0,416,0
East Riding of Yorkshire,334179,328520,321312,6323,5905,1332,178,180,956,2875,382,552,1163,759,19,982,594,31,239,118,470,0,458,0
"Kingston upon Hull, City of",256406,246383,234585,11329,10589,2851,382,1292,1163,6340,2065,1591,1744,919,21,572,295,30,122,125,260,0,236,0
North East Lincolnshire,159616,156422,152643,3392,3087,743,152,141,435,1978,350,406,833,381,8,328,211,5,66,46,144,0,124,1
North Lincolnshire,167446,163121,156487,5979,5763,759,64,122,560,3038,268,410,1915,436,9,406,218,15,120,53,122,1,117,0
York,198051,188144,179823,7357,6462,1811,192,404,1202,6024,554,2344,1969,1110,47,1525,1017,90,264,154,547,0,520,0
Craven,55409,54207,53111,906,851,263,18,22,219,615,32,120,283,180,0,187,155,2,12,18,137,0,131,0
Hambleton,89140,87438,85141,2001,1899,491,64,48,375,698,70,106,296,220,6,308,224,6,41,37,205,0,147,0
Harrogate,157869,150122,143989,5443,5023,1381,113,203,1058,2525,240,825,651,784,25,3350,3035,26,138,151,491,0,437,0
Richmondshire,51965,49587,47600,1783,1719,531,28,120,380,1263,52,141,878,185,7,257,159,10,20,68,327,0,98,0
Ryedale,51751,50791,49603,955,898,259,13,31,211,373,36,99,88,149,1,211,151,9,24,27,117,0,111,0
Scarborough,108793,106318,103493,2540,2344,530,85,91,345,1427,197,293,549,387,1,359,250,11,56,42,159,0,148,0
Selby,83449,82201,79930,1969,1867,445,24,94,322,463,30,127,128,175,3,215,141,8,30,36,125,0,121,0
Barnsley,231221,227860,223418,3913,3498,1240,104,269,843,1631,351,352,555,356,17,331,185,7,65,74,159,0,157,0
Doncaster,302402,294374,283733,9612,8780,1843,192,468,1150,5094,966,755,2719,650,4,826,320,17,83,406,265,0,254,0
Rotherham,257280,249184,244133,4379,4094,1880,222,448,1194,5693,906,384,3930,469,4,392,207,14,49,122,131,0,130,0
Sheffield,552698,504050,488176,13757,11969,12198,1543,3132,7465,31175,7017,6355,14839,2886,78,4510,1469,247,617,2177,765,0,753,0
Bradford,522452,452610,432843,17498,16384,7081,1140,1774,3992,59634,3691,1819,51540,2568,16,2609,763,54,234,1558,517,1,477,1
Calderdale,203826,194598,188590,4534,4170,1012,82,179,727,7412,329,347,6189,537,10,562,304,17,64,177,242,0,239,0
Kirklees,422458,387109,376821,8009,7212,4246,799,770,2603,27733,2089,1089,23514,1030,11,2878,617,51,142,2068,489,0,452,3
Leeds,751485,692562,665341,22153,20302,16837,1575,5272,9739,35030,6544,4282,20190,3958,56,5782,1891,150,723,3018,1274,0,1221,0
Wakefield,325837,317236,308270,8171,7831,2534,221,694,1592,5160,710,505,3102,830,13,614,286,16,138,174,290,0,280,3
Derby,248752,226426,214131,10461,9393,3832,315,837,2618,16050,1781,1047,12060,1154,8,2156,534,35,173,1414,288,2,251,0
Leicester,329839,238685,218996,17665,15927,31983,1060,2515,26817,55108,4247,3465,45290,2064,42,3545,827,73,336,2309,516,0,281,2
Nottingham,305680,264330,245951,16341,14789,10652,1396,3775,5404,24202,3316,4932,12681,3196,77,6001,1045,106,515,4335,495,0,479,0
Rutland,37369,36105,34972,919,846,379,27,80,268,414,38,137,126,111,2,327,208,7,50,62,144,0,115,0
Amber Valley,122309,120646,118664,1636,1513,472,47,44,372,721,53,145,272,245,6,339,243,11,28,57,131,0,127,0
Bolsover,75866,75001,73574,1250,1184,336,15,73,245,385,10,89,159,125,2,107,68,4,15,20,37,0,37,0
Chesterfield,103788,101647,99838,1456,1333,617,65,125,422,1131,84,248,556,238,5,310,130,14,34,132,83,0,81,0
Derbyshire Dales,71116,69959,68787,909,848,296,26,19,243,438,29,116,148,144,1,275,216,6,29,24,148,0,145,0
Erewash,112081,110130,108005,1670,1552,494,45,53,387,939,63,216,433,225,2,363,172,4,37,150,155,0,151,0
High Peak,90892,89381,87633,1236,1139,407,38,42,325,666,76,146,171,271,2,294,201,13,38,42,144,0,141,0
North East Derbyshire,99023,97737,96602,887,804,413,32,61,313,619,57,112,284,166,0,190,119,10,28,33,64,0,62,0
South Derbyshire,94611,92511,90941,1243,1118,478,36,54,375,1216,63,175,791,182,5,284,153,7,50,74,122,0,114,0
Blaby,93915,89840,87756,1666,1468,1451,30,116,1254,2113,120,259,1527,205,2,390,158,4,54,174,121,0,88,0
Charnwood,166100,153771,148831,4148,3747,3836,189,403,3078,7446,550,1646,4254,962,34,760,437,41,115,167,286,0,249,1
Harborough,85382,82697,80799,1479,1356,947,50,113,763,1183,85,238,601,255,4,351,225,12,55,59,204,0,195,0
Hinckley and Bosworth,105078,102673,100753,1536,1419,754,48,58,630,1192,79,201,689,220,3,295,182,2,46,65,164,0,153,0
Melton,50376,49419,47801,1375,1319,294,11,21,256,409,28,89,180,109,3,171,118,4,15,34,83,0,78,0
North West Leicestershire,93468,91857,89820,1678,1577,437,25,53,351,843,62,165,315,297,4,220,134,8,32,46,111,0,108,0
Oadby and Wigston,56170,49125,47700,1099,928,2812,84,119,2480,3864,201,224,3278,159,2,303,141,5,30,127,66,0,57,0
Boston,64637,63089,54847,8048,7865,416,48,101,262,843,69,93,454,208,19,227,65,3,121,38,62,0,60,0
East Lindsey,136401,134417,131367,2535,2367,533,55,95,376,927,68,193,360,301,5,355,222,11,51,71,169,0,163,0
Lincoln,93541,90404,84383,5410,5196,844,103,296,441,1719,280,355,715,363,6,464,247,22,103,92,110,0,106,0
North Kesteven,107766,105570,102182,2886,2760,618,67,58,485,907,99,192,290,324,2,485,349,19,57,60,186,0,176,0
South Holland,88270,86704,79830,6569,6419,483,39,55,378,714,62,137,299,206,10,294,113,11,125,45,75,0,68,0
South Kesteven,133788,130258,124669,4969,4753,1024,82,164,768,1629,140,390,587,510,2,660,377,29,151,103,217,0,212,0
West Lindsey,89250,87603,85632,1589,1495,500,49,69,372,775,83,145,316,226,5,287,170,13,54,50,85,0,82,0
Corby,61255,59415,53203,5525,4890,933,36,160,729,571,38,83,307,134,9,275,179,8,26,62,61,0,61,0
Daventry,77843,75636,73177,1989,1865,783,21,77,665,859,68,108,420,254,9,413,252,9,51,101,151,0,147,1
East Northamptonshire,86765,83948,81512,1916,1752,815,52,90,663,938,78,208,369,278,5,904,721,13,59,111,160,0,154,0
Kettering,93475,89514,85551,3434,3244,1307,98,249,943,1985,148,205,1213,418,1,528,313,5,87,123,141,0,137,0
Northampton,212069,193659,177442,13821,12758,7637,276,2138,5112,8246,557,1149,5394,1106,40,2201,529,25,277,1370,326,0,307,0
South Northamptonshire,85189,82271,80240,1546,1396,1008,46,72,878,863,96,144,361,257,5,808,647,8,73,80,239,0,229,0
Wellingborough,75356,70383,66007,3810,3588,1746,48,289,1353,2214,96,130,1730,253,5,928,173,15,68,672,85,0,81,0
Ashfield,119497,117992,115917,1824,1694,412,31,65,311,792,39,160,400,192,1,237,133,1,21,82,64,0,63,0
Bassetlaw,112863,110850,107572,2924,2779,552,67,84,396,1056,140,165,549,201,1,314,148,10,45,111,91,0,89,0
Broxtowe,109487,104464,101055,2941,2681,1020,149,239,617,3194,466,957,1301,461,9,614,292,39,86,197,194,0,177,1
Gedling,113543,110014,107204,2215,1985,860,60,188,595,1788,151,268,1065,302,2,748,226,11,63,448,132,0,131,1
Mansfield,104466,102860,98649,3824,3649,365,47,82,227,899,81,145,492,177,4,276,130,16,31,99,66,0,65,0
Newark and Sherwood,114817,112813,109167,3061,2900,518,45,86,377,894,81,204,392,213,4,426,226,7,67,126,166,0,161,0
Rushcliffe,111129,106721,103851,2291,2076,960,93,91,761,2541,303,415,1422,392,9,651,361,19,110,161,256,0,250,0
"Herefordshire, County of",183477,179179,171229,7274,6972,1239,133,117,979,1832,165,344,683,636,4,771,500,28,162,81,455,0,421,1
Shropshire,306129,299515,291742,6420,6007,1630,152,240,1220,3270,328,894,948,1080,20,1093,738,43,150,162,620,0,565,1
Stoke-on-Trent,249008,234270,228294,5363,4815,2805,285,834,1650,10897,1457,801,7290,1338,11,731,226,17,100,388,305,0,144,0
Telford and Wrekin,166641,160447,154504,5249,4987,1522,69,653,770,3826,168,636,2540,475,7,675,264,16,96,299,171,0,150,0
Cannock Chase,97462,96401,95033,1062,975,231,13,31,182,630,29,151,265,182,3,151,88,3,15,45,49,0,49,0
East Staffordshire,113583,108370,103736,4207,4072,667,91,106,457,3968,388,270,3003,303,4,465,175,3,45,242,113,0,111,0
Lichfield,100654,98840,96791,1539,1456,418,37,43,325,945,67,207,496,173,2,346,200,9,47,90,105,0,103,0
Newcastle-under-Lyme,123871,120069,117647,2065,1667,800,78,179,538,2489,272,801,930,480,6,371,200,18,50,103,142,0,111,0
South Staffordshire,108131,106383,105129,874,805,387,30,43,303,987,74,126,630,157,0,282,126,8,37,111,92,0,88,0
Stafford,130869,126296,122914,2659,2510,1003,222,179,595,2741,268,358,1649,456,10,641,220,35,95,291,187,0,162,1
Staffordshire Moorlands,97106,96152,94874,1043,969,232,24,17,187,467,53,99,171,143,1,169,112,3,23,31,86,0,84,0
Tamworth,76813,75794,73977,1348,1280,297,28,47,217,470,27,100,202,135,6,196,64,8,22,102,55,0,54,1
North Warwickshire,62014,61260,60193,727,669,220,9,8,197,336,19,53,182,82,0,147,71,4,27,45,51,0,49,0
Nuneaton and Bedworth,125252,119783,116764,2430,2284,1262,68,145,1003,3695,120,294,3042,237,2,379,175,12,33,159,132,0,114,1
Rugby,100075,94301,88393,5038,4801,1942,90,358,1454,2754,131,366,1902,351,4,885,273,54,132,426,193,0,179,0
Stratford-on-Avon,120485,117046,113023,3251,3062,910,84,65,751,1464,144,444,466,399,11,745,533,24,85,103,320,0,307,0
Warwick,137648,128744,121745,5250,4749,1698,135,219,1304,5562,346,1017,3491,666,42,1209,714,52,231,212,435,0,428,0
Birmingham,1073045,883903,834732,32863,29564,34549,2696,8171,23070,129948,11590,9387,101360,7472,139,23533,2301,149,1040,20043,1111,5,1009,1
Coventry,316960,271920,249727,16299,14779,13382,869,4204,8060,28770,2916,3166,20727,1900,61,2526,717,56,274,1479,361,0,321,1
Dudley,312925,300427,296308,3160,2784,1944,137,411,1352,9056,1084,616,6741,609,6,1324,262,16,85,961,174,0,161,0
Sandwell,308063,271067,258993,10561,9859,5022,193,1462,3214,27114,1340,557,24283,921,13,4717,294,21,109,4293,143,0,118,0
Solihull,206674,196714,191288,2725,2436,2447,231,323,1806,5848,417,646,4257,524,4,1369,492,15,141,721,296,0,271,0
Walsall,269323,247764,242688,4112,3907,2819,124,643,1975,17120,619,571,15193,729,8,1500,234,12,77,1177,119,0,91,1
Wolverhampton,249470,217503,208582,7605,7098,5091,249,1486,3202,22069,1899,991,18151,1011,17,4584,240,30,117,4197,221,2,143,2
Bromsgrove,93637,91614,89900,1054,867,499,39,64,390,1083,93,260,537,189,4,327,165,7,44,111,114,0,111,0
Malvern Hills,74631,72629,70884,1415,1293,507,32,83,389,950,77,347,259,246,21,371,249,16,58,48,174,0,170,0
Redditch,84214,81263,77516,3198,3111,453,37,84,328,2022,99,126,1595,202,0,404,121,6,43,234,72,0,63,0
Worcester,98768,94816,90700,3595,3375,676,74,139,459,2650,186,335,1631,497,1,482,237,24,119,102,144,0,136,0
Wychavon,116944,114466,110427,3517,3358,729,62,60,595,1100,138,171,472,310,9,437,294,9,57,77,212,0,207,0
Wyre Forest,97975,96337,94141,1751,1627,312,25,47,234,979,46,122,517,287,7,236,134,7,34,61,111,0,108,0
Bedford,157479,141890,129755,10741,9844,3793,239,989,2497,9268,442,686,7221,901,18,2207,627,29,298,1253,320,0,310,1
Central Bedfordshire,254381,243689,234252,6912,6296,3880,243,747,2860,4511,435,903,1985,1179,9,1722,810,40,293,579,579,0,563,0
Luton,203201,159958,140329,14830,13813,9333,524,3256,5435,29464,1269,988,25397,1767,43,4205,379,33,367,3426,241,0,217,0
Peterborough,183631,166159,145739,19304,18582,4206,356,834,2938,11332,1117,676,8353,1168,18,1678,701,27,346,604,255,0,239,1
Southend-on-Sea,173658,164137,156536,6251,5422,3625,217,768,2607,4516,398,701,2315,1084,18,978,421,31,229,297,402,0,384,0
Thurrock,157705,146181,138829,6344,5537,6647,198,4322,2105,3588,169,401,2233,782,3,1092,312,10,314,456,197,0,192,0
Cambridge,123867,103810,87486,15040,13117,2864,422,609,1809,11481,1371,3932,3907,2184,87,4338,2983,201,793,361,1374,0,1344,0
East Cambridgeshire,83818,79411,75576,3380,3118,929,64,135,728,1199,112,285,412,374,16,1988,1773,27,107,81,291,0,280,0
Fenland,95262,93199,87053,5724,5504,557,36,79,428,931,61,170,376,315,9,449,267,9,73,100,126,0,121,0
Huntingdonshire,169508,160724,153206,6488,6091,1907,118,303,1469,3290,266,484,1488,1044,8,3227,2736,50,192,249,360,0,345,0
South Cambridgeshire,148755,139279,132191,6179,5517,2336,194,290,1829,4506,511,991,1940,1053,11,1906,1273,60,365,208,727,0,654,1
Basildon,174497,166311,161938,3139,2667,3237,132,1210,1870,3594,245,357,2022,967,3,1033,392,30,183,428,320,0,305,2
Braintree,147084,143070,138383,3733,3449,1348,76,225,1034,1656,115,226,673,636,6,692,351,19,149,173,318,0,310,0
Brentwood,73601,69911,67459,1745,1541,1211,92,188,927,1647,165,255,805,418,4,593,357,13,119,104,238,0,231,1
Castle Point,88011,86273,84864,904,782,590,48,128,405,785,62,108,343,269,3,269,116,9,52,92,94,0,89,0
Chelmsford,168310,160546,155461,3833,3395,2533,180,587,1753,3729,410,555,1949,797,18,1028,502,36,221,269,474,0,466,0
Colchester,173074,162088,153695,7451,6713,2801,283,905,1601,6270,1217,1632,1984,1374,63,1436,667,92,321,356,479,0,391,0
Epping Forest,124659,118216,113309,3827,3195,2147,151,478,1492,3045,269,371,1881,515,9,910,341,21,208,340,341,0,330,0
Harlow,81944,76501,72474,3208,2910,2322,142,925,1237,2545,100,424,1439,576,6,462,157,6,82,217,114,0,113,0
Maldon,61629,60357,59216,820,726,340,22,43,269,520,51,96,185,186,2,263,165,3,47,48,149,0,143,0
Rochford,83287,81584,80272,877,757,545,62,79,391,737,61,132,308,233,3,274,137,9,60,68,147,0,139,0
Tendring,138048,135417,132119,2326,2140,713,72,122,507,1239,90,225,516,401,7,491,263,19,103,106,188,0,177,0
Uttlesford,79443,76496,73622,2388,2180,814,47,89,674,1208,124,219,490,365,10,610,410,15,96,89,315,0,306,0
Broxbourne,93609,89321,82524,5822,4752,2020,145,910,951,1331,173,205,651,298,4,789,190,8,153,438,148,0,146,0
Dacorum,144847,135128,129486,4107,3667,3242,193,731,2302,4536,378,586,2797,765,10,1382,664,29,342,347,559,0,549,0
East Hertfordshire,137687,132311,126659,4513,4064,1634,125,227,1263,2161,203,442,988,506,22,1054,581,19,309,145,527,0,527,0
Hertsmere,100031,89956,83013,5419,4594,4438,221,1312,2873,4307,819,559,2049,870,10,1022,498,22,242,260,308,0,296,0
North Hertfordshire,127114,119109,114162,3787,3430,1981,111,304,1551,4063,247,542,2588,672,14,1516,564,30,205,717,445,0,431,0
St Albans,140664,129088,121715,5598,4961,3422,406,398,2596,5235,428,804,3064,920,19,1937,1027,50,398,462,982,0,965,0
Stevenage,83957,77649,74073,2679,2390,2105,121,728,1247,3381,208,331,1815,1021,6,689,208,9,133,339,132,0,129,1
Three Rivers,87317,79570,75217,3174,2765,3137,100,349,2649,3340,315,465,2070,477,13,930,475,16,183,256,340,4,329,0
Watford,90301,75526,67993,6017,5460,4331,245,1373,2679,8798,472,586,6666,1055,19,1345,352,12,329,652,300,0,282,1
Welwyn Hatfield,110535,98498,91537,5603,5018,4361,187,1614,2546,6360,756,1334,3133,1123,14,979,483,14,233,249,337,0,330,0
Breckland,130491,126534,119173,6762,6518,817,39,126,646,1150,72,173,448,448,9,1790,1406,15,233,136,199,0,184,1
Broadland,124646,121757,119406,1914,1751,840,99,122,611,1333,133,247,461,487,5,507,329,19,94,65,209,0,200,0
Great Yarmouth,97277,94917,90922,3589,3394,705,71,175,449,1188,165,118,495,396,14,376,225,9,90,52,91,0,89,0
King`s Lynn and West Norfolk,147451,142916,136166,6156,5768,856,98,157,592,1657,128,237,751,532,9,1836,1547,12,180,97,186,0,176,0
North Norfolk,101499,99588,97304,1891,1756,556,51,48,450,785,67,133,276,301,8,403,270,14,70,49,167,0,163,0
Norwich,132512,122912,115440,6749,6023,2483,299,775,1387,5540,811,1582,1834,1260,53,1188,701,74,267,146,389,0,369,0
South Norfolk,124012,120724,117935,2400,2207,947,69,125,745,1353,128,272,511,436,6,676,428,19,118,111,312,0,291,0
Babergh,87740,85552,83360,1763,1621,587,24,68,485,853,70,140,338,301,4,523,356,17,82,68,225,0,211,0
Forest Heath,59748,49752,46020,3231,3031,540,31,81,421,1185,74,235,412,458,6,8125,7817,67,108,133,146,0,121,0
Ipswich,133384,125416,117601,7311,6628,1563,108,465,978,4683,988,465,2475,741,14,1494,579,22,174,719,228,0,215,0
Mid Suffolk,96731,94225,92190,1704,1598,703,54,94,551,889,94,189,296,304,6,687,492,16,80,99,227,0,182,0
St Edmundsbury,111008,106200,101547,4004,3750,1163,104,238,808,1680,126,310,700,543,1,1704,1354,25,145,180,259,0,238,2
Suffolk Coastal,124298,119935,116697,2703,2497,1159,83,160,904,1946,134,385,900,519,8,968,694,18,108,148,289,0,262,1
Waveney,115254,113168,110846,1905,1726,553,28,104,414,984,79,215,352,336,2,394,246,5,79,64,155,0,150,0
Camden,220338,161966,126695,29938,23367,13294,1987,2916,8317,27051,5072,6223,10483,5020,253,12784,8042,386,3138,1218,5239,2,5186,4
City of London,7375,5757,4670,967,795,263,49,59,155,713,59,251,226,165,12,423,271,8,114,30,219,0,217,0
Hackney,246270,188010,150030,33886,22247,21506,1446,14275,5622,16170,3182,2639,6987,3214,148,17206,3737,233,4221,9015,3377,1,3332,1
Hammersmith and Fulham,182493,135775,104454,26294,22127,12670,2425,2402,7787,16270,4753,2977,4026,4313,201,10754,4005,308,3367,3074,7024,0,6956,0
Haringey,254926,198591,141228,52415,38072,21627,1728,8957,10807,16300,3278,3014,6777,2978,253,15835,2821,221,4695,8098,2573,2,2538,0
Islington,206125,165208,133095,26289,19382,12379,1484,3652,7185,13282,2154,3552,4649,2791,136,11005,4304,230,3282,3189,4251,0,4203,0
Kensington and Chelsea,158649,111774,76738,32180,26624,9513,3430,1410,4629,19443,6905,3956,3120,5248,214,14410,9301,445,3203,1461,3509,0,3460,0
Lambeth,303086,228097,185337,36775,33612,28878,1756,15484,11475,14543,1704,2807,5853,4032,147,25320,3722,314,9038,12246,6248,1,6166,0
Lewisham,275885,212286,182799,25466,20904,25277,1180,16760,7201,17747,1344,3729,8766,3799,109,18464,1994,136,3546,12788,2111,1,2056,0
Newham,307984,180949,142570,36409,32893,32937,1644,17082,13740,82624,1892,2431,71467,6608,226,10731,815,55,3530,6331,742,0,705,1
Southwark,288283,208517,174616,28822,24632,37059,2063,26072,8763,19591,2022,5576,6531,5256,206,19259,3612,288,7609,7750,3857,0,3792,0
Tower Hamlets,254096,174025,144662,26349,22435,11342,1509,3017,6755,56506,1687,6166,44440,3795,418,8257,3138,226,2702,2191,3966,0,3920,0
Wandsworth,306995,237966,198422,33490,29445,21664,1634,4889,14971,23120,2722,3096,12485,4681,136,14931,4671,373,4788,5099,9314,1,9202,0
Westminster,219396,145358,102407,39073,31243,14909,5702,2842,6305,36725,15253,5894,9144,5935,499,16441,9651,477,4110,2203,5961,3,5845,2
Barking and Dagenham,185911,145694,128464,15564,12372,20246,674,14070,5383,16762,643,734,13680,1646,59,3008,413,26,544,2025,201,0,183,0
Barnet,356386,268804,217890,44811,37143,27123,2549,7865,16467,50644,15071,7871,21578,5900,224,7998,2909,155,3036,1898,1816,0,1740,1
Bexley,231997,208847,199367,7338,5996,12107,317,8105,3605,8608,487,1163,5454,1446,58,2063,525,20,503,1015,372,0,355,0
Brent,311215,187867,139788,39155,35649,34539,3591,7629,22778,68123,9795,2534,49921,5696,177,18085,1565,133,5289,11098,2601,2,2371,0
Bromley,309392,281174,264648,13171,10777,10337,787,4093,5375,11442,1279,1895,6074,2113,81,5066,1436,98,1380,2152,1371,0,1355,2
Croydon,363378,281688,255894,21654,18399,29347,1312,13338,14371,34846,2383,2504,26522,3370,67,16474,1283,123,3270,11798,1021,3,966,2
Ealing,338449,228114,175221,45139,40324,25009,2757,3449,18317,71002,12085,5022,49221,4481,193,10606,2352,166,2467,5621,3715,4,3571,3
Enfield,312466,256969,202868,49670,31431,26235,1248,11347,13442,18467,3321,1517,11264,2259,106,10083,911,54,2001,7117,712,0,670,0
Greenwich,254557,198353,175645,19360,15829,27017,789,18180,7898,21216,1104,3463,13165,3366,118,6504,1649,82,1638,3135,1466,0,1382,1
Harrow,239056,156613,132007,19615,17441,27898,1030,2639,23702,49123,4382,1832,40824,2055,30,4687,928,52,937,2770,733,0,589,2
Havering,237232,222086,212840,6709,5522,6331,286,3349,2638,6602,421,789,3969,1404,19,1850,457,20,333,1040,363,0,350,0
Hillingdon,273936,212577,191859,16327,14152,17226,1165,2676,13063,39339,3099,2381,30821,2993,45,3992,1114,88,873,1917,800,0,671,2
Hounslow,253957,173345,144044,25582,22633,18893,2014,3020,13476,55112,3803,2130,44694,4375,110,4671,1608,95,1433,1535,1936,0,1821,0
Kingston upon Thames,160060,129804,114820,12872,11021,6679,697,991,4928,19453,3269,4682,8913,2508,81,2978,1300,108,1091,479,1145,3,1098,1
Merton,199693,148528,124290,21078,18690,17075,831,5017,11108,24179,1838,2997,16493,2753,98,7567,1641,122,2450,3354,2344,1,2305,0
Redbridge,278970,197344,175897,18368,15019,18184,915,4487,12367,57246,1712,1473,51650,2338,73,5522,948,48,1107,3419,671,0,631,3
Richmond upon Thames,186990,160309,141585,15255,12714,6589,715,701,5119,11235,2415,1932,4956,1851,81,5536,3420,188,1404,524,3321,1,3277,0
Sutton,190146,164218,152390,9437,8008,8122,476,2199,5366,14409,1487,1935,8816,2132,39,2734,610,49,1052,1023,662,0,639,1
Waltham Forest,258249,197758,158437,36223,30235,19338,2608,7382,9207,29097,1173,1769,23227,2737,191,11036,981,146,2164,7745,1020,0,976,0
Bracknell Forest,113205,103958,98294,4794,4179,3273,164,554,2532,4387,305,536,2512,1018,16,1192,626,25,293,248,395,0,368,0
Brighton and Hove,273369,250232,230484,16701,14739,6860,1989,1167,3663,10650,2531,2934,3181,1914,90,3972,2041,165,1301,465,1655,0,1625,0
Isle of Wight,138265,134630,131068,2793,2576,959,91,106,749,1696,140,237,598,719,2,672,448,9,110,105,308,0,303,0
Medway,263925,248092,236589,9693,8775,5217,340,2169,2622,8679,629,843,5951,1233,23,1452,479,29,282,662,484,0,404,1
Milton Keynes,248821,217493,202685,12678,11794,13489,304,5117,7959,14322,833,2363,9069,2014,43,2876,972,84,681,1139,640,1,614,1
Portsmouth,205056,189931,180032,8831,7921,4185,361,1503,2284,9166,1853,1983,3245,2062,23,1293,611,28,320,334,481,0,436,0
Reading,155698,130048,117078,11161,9887,6739,465,2418,3821,15144,919,1658,10932,1548,87,3090,831,71,582,1606,675,0,658,2
Slough,140205,100641,85553,13698,12996,9179,604,1757,6665,28304,909,679,25205,1495,16,1886,311,34,271,1270,195,0,171,0
Southampton,236882,213947,195231,17004,15941,5533,401,1281,3809,14665,2018,2926,7223,2436,62,2112,927,102,471,612,624,0,539,1
West Berkshire,153822,145883,139909,4862,4440,2682,146,280,2232,3320,274,548,1722,760,16,1328,755,26,276,271,609,0,594,0
Windsor and Maidenhead,144560,129116,119434,7948,7020,4008,385,456,3114,7729,614,1038,4897,1159,21,2671,1680,76,557,358,1035,0,964,1
Wokingham,154380,141451,135322,4977,4359,3525,283,473,2745,7181,741,1005,4358,1052,25,1580,858,42,290,390,640,0,612,3
Aylesbury Vale,174137,162292,155305,5607,5135,3482,276,645,2535,6067,353,576,3895,1222,21,1742,809,24,272,637,554,0,534,0
Chiltern,92635,86392,82386,3148,2796,1695,105,123,1442,2899,237,384,1753,507,18,1109,714,25,221,149,540,0,528,0
South Bucks,66867,60007,56480,2634,2349,1748,116,136,1459,3572,291,436,2357,467,21,1128,788,25,179,136,412,0,397,0
Wycombe,171644,153910,145817,6775,6146,3411,248,465,2672,10629,530,796,8217,1080,6,3031,984,41,384,1622,663,0,642,0
Eastbourne,99412,93899,87494,5493,4888,1531,196,260,1059,2843,549,558,992,730,14,836,356,21,319,140,302,0,301,1
Hastings,90254,86042,82413,3029,2598,1219,98,253,857,2181,408,297,939,523,14,597,296,12,125,164,215,1,209,0
Lewes,97502,93540,90238,2652,2383,1135,123,159,839,1577,212,302,568,486,9,897,535,25,229,108,353,0,346,0
Rother,90588,87329,84823,1893,1648,913,113,69,722,1349,130,245,559,404,11,721,516,8,133,64,276,0,259,0
Wealden,148915,143387,138856,3672,3275,1615,128,143,1326,2260,251,452,869,675,13,1129,753,32,218,126,523,0,518,1
Basingstoke and Deane,167799,157060,149831,5963,5489,3206,156,543,2488,5700,261,1178,3141,1101,19,1313,649,34,338,292,520,0,505,0
East Hampshire,115608,110115,106027,3467,3207,1714,106,131,1463,2344,221,413,804,899,7,959,620,24,194,121,476,0,450,0
Eastleigh,125199,119695,115968,3054,2821,1701,121,178,1391,2802,309,478,1458,548,9,720,432,34,141,113,281,0,263,0
Fareham,111581,108181,105293,2329,2167,1032,92,143,787,1603,187,356,571,480,9,541,327,12,103,99,224,0,216,0
Gosport,82622,80059,77602,2095,1927,703,50,154,490,1188,85,225,447,428,3,506,240,31,78,157,166,0,128,0
Hart,91033,85852,82326,2930,2721,1709,124,139,1439,2268,156,400,1209,490,13,816,509,34,140,133,388,0,363,0
Havant,120684,117404,114486,2342,2155,991,73,161,747,1570,148,302,579,536,5,503,286,13,130,74,216,1,206,0
New Forest,176462,170617,165816,3853,3545,1953,145,263,1531,2309,196,392,864,850,7,967,590,22,181,174,615,0,465,1
Rushmoor,93807,81890,77334,3878,3524,2049,114,414,1511,8685,194,1177,6311,986,17,872,289,28,202,353,311,0,211,0
Test Valley,116398,111329,106698,4011,3746,1492,113,151,1214,2387,259,432,1000,686,10,740,461,27,117,135,450,0,425,0
Winchester,116595,110469,106236,3500,3196,1630,132,171,1321,2809,227,881,1041,652,8,1123,793,36,159,135,563,0,539,1
Ashford,117956,111383,106993,3723,3348,1680,98,287,1279,3848,222,596,2472,544,14,700,347,30,145,178,345,0,344,0
Canterbury,151145,142218,134587,6580,5732,2305,210,523,1546,4675,587,1408,1677,978,25,1442,871,46,278,247,505,0,472,0
Dartford,97365,90552,86384,3518,3174,2728,104,1187,1426,3318,177,263,2248,614,16,581,201,9,129,242,186,0,180,0
Dover,111674,107702,103507,3637,3383,854,100,149,595,2135,175,296,1201,452,11,739,527,22,112,78,244,0,231,0
Gravesham,101720,93303,87419,5202,4786,2065,97,962,983,5571,217,196,4767,380,11,550,207,12,105,226,231,0,167,0
Maidstone,155143,147391,140745,5767,5199,2182,151,356,1655,4197,272,583,2641,693,8,918,451,35,182,250,454,0,425,1
Sevenoaks,114893,109404,105522,3110,2766,1812,113,251,1437,1987,147,514,751,562,13,1072,718,17,190,147,618,0,607,0
Shepway,107969,102405,97987,3693,3351,1066,110,127,814,3710,169,442,2573,519,7,525,307,15,112,91,263,1,247,0
Swale,135835,132407,128044,3618,3323,1274,72,318,864,1324,82,211,691,336,4,565,318,9,94,144,265,0,258,0
Thanet,134186,129460,122657,5844,5215,1350,155,262,919,2384,258,395,1179,547,5,726,404,18,147,157,266,0,259,0
Tonbridge and Malling,120805,115914,112529,2752,2447,1564,99,120,1325,2144,157,442,1001,535,9,790,493,24,165,108,393,0,388,0
Tunbridge Wells,115049,108675,103614,4336,3926,1857,173,233,1433,2933,290,588,1217,817,21,1039,625,49,215,150,545,0,533,0
Cherwell,141868,133036,125773,6291,5853,2200,163,371,1653,3985,345,596,2194,839,11,2115,1465,27,321,302,532,0,442,0
Oxford,151906,125508,108667,15021,12622,5234,777,1208,3232,13799,1446,3476,6207,2517,153,5946,3499,179,1298,970,1419,0,1385,0
South Oxfordshire,134257,127837,121886,4998,4545,1910,116,200,1588,2448,230,490,1012,698,18,1358,929,43,219,167,703,0,686,1
Vale of White Horse,120988,114363,108684,4843,4341,1936,140,425,1366,2772,314,726,1059,651,22,1361,878,47,246,190,556,0,512,0
West Oxfordshire,104779,100258,96293,3316,3088,1408,94,137,1161,1591,166,365,525,527,8,1049,787,25,141,96,473,0,456,0
Elmbridge,130875,115733,106959,7244,6288,4446,395,310,3712,5694,976,1463,2037,1198,20,3793,2643,120,761,269,1209,0,1192,0
Epsom and Ewell,75102,66985,62885,3209,2877,2598,185,270,2121,4271,598,859,1816,985,13,903,334,27,353,189,345,0,336,0
Guildford,137183,124322,115906,7411,6508,3450,331,600,2500,6578,1251,1734,2051,1499,43,1991,1068,70,623,230,842,0,781,0
Mole Valley,85375,80250,76881,2698,2377,1643,135,140,1351,2107,234,410,919,534,10,903,560,24,181,138,472,0,469,0
Reigate and Banstead,137835,127445,121187,5019,4490,3455,222,525,2684,4892,409,669,2696,1099,19,1469,692,44,417,316,574,0,551,0
Runnymede,80510,72263,66882,4492,3852,1991,150,243,1589,4260,498,1079,1507,1114,62,1615,1072,64,340,139,381,0,365,0
Spelthorne,95598,87124,82129,3881,3439,2450,211,430,1777,4805,442,465,2991,900,7,878,334,38,285,221,341,0,302,0
Surrey Heath,86144,78598,74721,3107,2784,2001,143,201,1645,4158,334,542,2374,898,10,974,556,30,211,177,413,0,393,0
Tandridge,82998,78579,75748,2162,1875,1591,101,188,1295,1695,144,398,735,413,5,811,431,33,164,183,322,0,311,0
Waverley,121572,114162,108682,4570,4033,2214,160,164,1878,2887,409,737,949,780,12,1478,935,39,353,151,830,0,813,1
Woking,99198,86292,79477,5911,5302,3189,230,380,2570,7699,699,778,5133,1069,20,1493,787,42,472,192,525,0,516,0
Adur,61182,59092,57390,1303,1134,691,154,79,449,976,139,212,395,222,8,311,163,15,75,58,112,0,110,0
Arun,149518,144556,136653,6945,6497,1478,144,159,1155,2217,170,356,941,740,10,909,444,26,302,137,355,0,336,3
Chichester,113794,108775,104577,3483,3206,1354,121,189,1036,2105,220,456,768,656,5,1033,612,38,215,168,527,0,470,0
Crawley,106597,92552,84999,6678,6144,5371,369,794,4107,7476,308,329,6148,683,8,923,304,33,337,249,275,0,183,0
Horsham,131301,125188,120813,3563,3220,1914,132,234,1542,2650,215,572,950,902,11,1083,707,37,185,154,466,0,456,0
Mid Sussex,139860,131905,126358,4478,4029,2383,126,258,1982,3602,328,566,1605,1089,14,1328,784,37,302,205,642,0,629,0
Worthing,104640,99055,94784,3525,3116,1541,155,253,1116,3076,323,393,1292,1061,7,713,367,8,211,127,255,0,245,0
Bath and North East Somerset,176016,166807,159658,6096,5529,1874,234,241,1382,4821,604,1920,1163,1104,30,1796,1036,67,302,391,718,0,701,0
Bournemouth,183491,170220,156077,12793,11224,3256,498,499,2230,6887,1261,1784,2348,1380,114,2623,817,69,1542,195,505,0,485,0
"Bristol, City of",428234,389680,365108,21342,19686,12858,972,2415,9401,16883,2241,3288,8307,2989,58,7242,2166,163,1104,3809,1571,0,1511,0
Cornwall,532273,520769,508665,10051,9379,3111,270,316,2477,4688,417,1023,1574,1661,13,2417,1726,66,304,321,1288,0,1198,0
Isles of Scilly,2203,2135,2070,56,54,23,2,1,20,13,5,0,2,5,1,13,9,1,1,2,19,0,19,0
North Somerset,202566,197172,190809,5285,4886,1628,133,192,1275,2464,260,522,965,706,11,908,564,27,159,158,394,0,388,0
Plymouth,256384,247733,238177,8333,7770,2251,225,548,1450,4757,980,1072,1289,1405,11,1225,669,52,258,246,418,0,330,0
Poole,147645,141622,135565,5173,4709,1631,173,169,1274,3167,325,686,1310,815,31,890,473,40,248,129,335,0,314,0
South Gloucestershire,262767,253113,245470,6486,5982,2546,199,497,1833,5098,538,870,2378,1302,10,1516,703,32,316,465,494,0,477,0
Swindon,209156,192449,182215,8613,7793,3565,178,869,2471,10771,484,1076,7950,1245,16,1973,648,56,779,490,397,1,376,1
Torbay,130959,127746,123877,3147,2936,877,147,89,623,1517,167,218,545,586,1,551,351,22,115,63,268,0,255,0
Wiltshire,470981,452685,433908,16300,15300,5244,514,839,3839,7676,578,1578,3086,2412,22,3418,1944,129,462,883,1956,0,1415,2
East Devon,132457,129036,125924,2479,2311,981,76,77,820,1478,129,264,480,600,5,612,403,21,89,99,349,0,329,1
Exeter,117773,110178,104759,4823,4276,1471,208,250,999,4894,772,1917,1088,1038,79,852,543,47,176,86,378,0,359,0
Mid Devon,77750,76041,73931,1798,1698,538,38,61,434,668,49,197,212,210,0,356,250,4,73,29,147,0,143,0
North Devon,93667,91608,89481,1760,1665,577,45,64,462,942,80,165,380,315,2,359,240,9,61,49,181,0,152,0
South Hams,83140,80750,78662,1703,1576,714,57,73,574,902,140,138,336,283,5,513,360,11,91,51,261,0,249,0
Teignbridge,124220,121252,118429,2280,2082,858,52,77,706,1266,113,365,374,412,2,571,420,21,76,54,273,0,264,0
Torridge,63839,62723,61648,867,799,352,39,23,282,442,50,146,109,137,0,220,149,4,33,34,102,0,98,0
West Devon,53553,52209,51007,958,900,380,35,23,317,539,58,111,150,219,1,287,185,4,59,39,138,0,134,0
Christchurch,47752,46294,45048,903,820,486,49,33,395,615,71,154,206,184,0,236,150,6,53,27,121,0,119,0
East Dorset,87166,84871,82897,1502,1377,751,68,57,618,912,101,160,411,237,3,437,270,17,88,62,195,0,183,0
North Dorset,68583,66315,63887,2107,1985,617,50,66,497,1098,83,229,454,328,4,356,233,7,55,61,197,0,183,0
Purbeck,44973,43917,42541,1140,1053,297,23,25,247,433,42,86,154,148,3,221,158,11,33,19,105,0,99,0
West Dorset,99264,96138,93703,1888,1704,785,71,84,624,1380,100,336,520,420,4,630,440,18,92,80,330,0,323,1
Weymouth and Portland,65167,63552,61672,1540,1441,422,35,91,284,719,63,142,232,280,2,353,217,17,45,74,121,0,114,0
Cheltenham,115732,109116,102791,5398,4945,1714,166,230,1292,3190,281,794,1302,800,13,1275,873,27,262,113,437,0,415,0
Cotswold,82881,79631,77026,2128,1965,963,50,116,786,1111,85,281,376,366,3,737,544,10,124,59,439,0,408,0
Forest of Dean,81961,80403,78800,1300,1195,515,20,71,415,572,48,128,186,207,3,283,192,17,35,39,188,0,157,0
Gloucester,121688,114691,108943,4928,4615,1884,140,447,1277,3484,205,333,2261,678,7,1436,281,19,132,1004,193,0,177,0
Stroud,112779,109806,106655,2638,2437,897,107,73,708,1014,127,216,319,347,5,727,528,6,106,87,335,0,320,0
Tewkesbury,81943,79530,76661,2413,2282,755,44,62,646,902,66,207,345,284,0,506,368,10,63,65,250,0,191,0
Mendip,109279,106111,102405,3179,2982,894,92,96,700,1260,113,314,350,477,6,690,490,23,112,65,324,0,315,0
Sedgemoor,114588,112473,108905,3079,2877,593,57,43,485,948,78,152,365,350,3,378,216,10,105,47,196,0,187,0
South Somerset,161243,156992,151613,4716,4483,1187,109,140,929,1931,150,395,687,695,4,769,473,31,141,124,364,0,342,0
Taunton Deane,110187,106458,102384,3551,3308,998,93,124,770,1890,124,509,583,667,7,561,351,11,118,81,279,0,269,1
West Somerset,34675,33980,32904,894,861,174,21,15,137,299,14,37,99,146,3,146,112,3,13,18,76,0,72,0
Anglesey,69751,68633,67344,814,747,277,52,32,183,555,97,115,188,151,4,201,131,10,32,28,85,0,83,0
Gwynedd,121874,118384,115959,1860,1705,556,122,116,314,2356,606,790,607,348,5,391,280,13,70,28,187,0,180,0
Conwy,115228,112953,110273,1825,1658,551,123,54,361,1151,152,279,402,316,2,402,284,18,57,43,171,0,165,0
Denbighshire,93734,91684,89852,1289,1152,388,53,52,279,1268,79,269,385,532,3,242,166,12,29,35,152,0,149,0
Flintshire,152506,150369,146078,3579,3432,512,50,32,419,1102,102,263,461,271,5,356,225,15,71,45,167,0,161,0
Wrexham,134844,131585,126376,4729,4546,758,69,183,493,2058,151,350,1054,502,1,269,169,8,46,46,174,0,171,0
Powys,132976,130332,127384,2461,2319,593,54,43,491,1282,81,211,665,321,4,477,351,8,62,56,292,0,279,0
Ceredigion,75922,73892,71352,2160,1944,473,85,95,288,1032,94,306,420,198,14,386,283,7,49,47,139,1,133,0
Pembrokeshire,122439,119911,116844,2222,2057,573,72,83,410,1359,113,236,515,490,5,430,287,7,71,65,166,0,151,0
Carmarthenshire,183777,180733,176192,3822,3636,662,77,69,504,1696,159,293,714,518,12,472,339,9,71,53,214,0,210,0
Swansea,239023,227730,221790,4925,4363,2452,337,741,1364,7644,2033,1813,2665,1122,11,844,508,49,171,116,353,0,335,0
Neath Port Talbot,139812,137876,136216,1177,1077,376,22,58,290,1108,90,196,499,312,11,334,161,3,80,90,118,0,114,0
Bridgend,139178,136775,134188,2143,2015,580,38,69,462,1325,98,265,438,514,10,310,168,14,79,49,188,0,174,0
The Vale of Glamorgan,126336,122960,120181,2209,1998,727,60,88,571,1727,224,361,568,572,2,677,405,35,104,133,245,0,220,0
Cardiff,346090,314746,300123,12319,11353,7515,1400,1557,4489,20668,4686,3123,10381,2425,53,2429,1215,98,428,688,731,0,704,1
"Rhondda, Cynon, Taff",234410,229891,227041,2282,2054,1488,109,591,780,2477,169,773,822,712,1,389,249,22,56,62,165,0,162,0
Merthyr Tydfil,58802,57910,56161,1631,1597,179,28,47,102,580,33,102,210,235,0,97,57,0,33,7,36,0,36,0
Caerphilly,178806,176812,174600,1798,1678,449,51,52,338,1071,111,299,331,327,3,339,226,16,47,50,135,0,133,0
Blaenau Gwent,69814,69173,68312,755,682,161,15,29,113,394,8,90,189,107,0,45,31,0,9,5,41,0,40,0
Torfaen,91075,89697,88629,749,665,262,33,29,194,856,45,188,433,186,4,172,79,7,33,53,88,0,80,0
Monmouthshire,91323,89189,87287,1500,1394,579,56,38,478,980,92,195,331,361,1,372,269,5,44,54,203,0,195,0
Newport,145736,137802,133403,3630,3288,1895,317,474,1087,5240,848,471,3139,778,4,676,283,20,93,280,123,0,116,0
