district,total,Day-to-day activities limited a lot,Day-to-day activities limited a little,Day-to-day activities not limited,Day-to-day activities limited a lot: Age 16 to 64,Day-to-day activities limited a little: Age 16 to 64,Day-to-day activities not limited: Age 16 to 64,Very good health,Good health,Fair health,Bad health,Very bad health,Provides no unpaid care,Provides 1 to 19 hours unpaid care a week,Provides 20 to 49 hours unpaid care a week,Provides 50 or more hours unpaid care a week
,,,,,,,,,,,,,,,,
Darlington,105564,9821,10902,84841,4474,5195,57249,47046,37199,15116,4763,1440,94516,6863,1427,2758
County Durham,513242,62875,58411,391956,29292,29985,273636,217373,171564,82404,32568,9333,453187,34336,8826,16893
Hartlepool,92028,11137,10178,70713,5319,5336,47975,39816,30117,14607,5789,1699,82104,5325,1555,3044
Middlesbrough,138412,14959,13919,109534,7593,7498,74627,62855,45295,19719,8001,2542,124252,7516,2301,4343
Northumberland,316028,30940,34558,250530,13138,16047,169673,138990,108458,48580,15641,4359,280331,22304,4553,8840
Redcar and Cleveland,135177,15482,15235,104460,6788,7394,70577,57285,45844,21449,8184,2415,119143,9004,2450,4580
Stockton-on-Tees,191610,17677,18731,155202,8202,9614,106736,88811,64282,26385,9296,2836,171686,11683,2933,5308
Gateshead,200214,22917,21435,155862,10669,10831,107971,85320,67807,31158,12152,3777,177994,12588,3381,6251
Newcastle upon Tyne,280177,26661,25916,227600,12966,14012,166506,133933,89096,38018,14793,4337,254367,15248,3726,6836
North Tyneside,200801,20246,21159,159396,9091,10474,110228,90031,66955,30156,10638,3021,178593,13789,2941,5478
South Tyneside,148127,18166,16315,113646,8337,8323,78687,63345,48861,23700,9394,2827,131387,9351,2596,4793
Sunderland,275506,34206,30346,210954,16170,16201,148150,117365,90557,43951,18155,5478,242975,17821,5089,9621
Blackburn with Darwen,147489,15563,14278,117648,8415,8523,77123,66991,49010,20725,8428,2335,131733,8769,2691,4296
Blackpool,142065,19247,17084,105734,9278,9143,71039,56600,48022,23977,10346,3120,125746,8635,2592,5092
Cheshire East,370127,29206,35625,305296,11098,15896,206008,181595,123065,47306,14247,3914,330124,27525,4454,8024
Cheshire West and Chester,329608,29098,31897,268613,11961,14811,183601,159777,108967,42604,14259,4001,292487,23941,4723,8457
Halton,125746,14556,12309,98881,7370,6979,67989,58684,39693,17504,7732,2133,110728,8009,2440,4569
Warrington,202228,16940,18057,167231,7280,9112,114871,100734,66223,24446,8466,2359,180385,13862,2837,5144
Allerdale,96422,9718,10309,76395,3955,4707,51460,42887,33297,14210,4762,1266,85648,6632,1436,2706
Barrow-in-Furness,69087,8961,8062,52064,4202,4129,35510,29538,22865,10898,4542,1244,60842,4573,1308,2364
Carlisle,107524,9919,10704,86901,4459,5172,59514,48593,37494,15030,4964,1443,96219,7233,1418,2654
Copeland,70603,7537,7524,55542,3477,3631,38151,31329,23938,10516,3760,1060,62622,4695,1179,2107
Eden,52564,4098,5370,43096,1502,2225,28720,24210,18810,7195,1875,474,46602,4208,620,1134
South Lakeland,103658,8290,11229,84139,2797,4404,55455,48461,36385,14117,3701,994,91430,8586,1304,2338
Bolton,276786,27773,27140,221873,13476,14913,148781,125548,93765,39139,14465,3869,246137,18187,4525,7937
Bury,185060,16733,18088,150239,7877,9424,101094,87128,61634,25430,8539,2329,165106,12493,2746,4715
Manchester,503127,47353,42011,413763,27026,26741,304398,245334,159452,62651,27014,8676,460487,23109,7568,11963
Oldham,224897,22535,21791,180571,11046,11975,118464,101526,74987,32778,12179,3427,200575,14526,3651,6145
Rochdale,211699,22630,21729,167340,11836,12145,112119,94233,70158,31303,12453,3552,188439,13550,3605,6105
Salford,233933,25709,22708,185516,12902,12794,129878,107689,75685,32849,13741,3969,210531,13228,3725,6449
Stockport,283275,24487,27772,231016,10520,13345,154930,135500,94251,37601,12505,3418,251293,21091,3921,6970
Tameside,219324,23307,22624,173393,11628,12313,118474,96404,73918,33009,12492,3501,195265,14106,3594,6359
Trafford,226578,18165,20438,187975,8037,9890,126554,115496,71694,27549,9273,2566,203051,15653,2981,4893
Wigan,317849,34847,33474,249528,16528,17780,171868,144283,103934,46797,18112,4723,281345,21162,5484,9858
Burnley,87059,10090,9517,67452,5007,5203,45571,37372,29286,13682,5213,1506,77204,5861,1379,2615
Chorley,107155,9626,10112,87417,4228,5137,60205,51303,35705,14222,4623,1302,94837,7937,1652,2729
Fylde,75757,7849,8714,59194,2823,3554,39037,33815,25591,11619,3692,1040,66570,5907,1131,2149
Hyndburn,80734,9153,8400,63181,4470,4623,42190,34759,27610,12225,4800,1340,71811,5193,1220,2510
Lancaster,138375,12751,14176,111448,5286,6801,77953,64577,46831,18960,6215,1792,123760,9261,1819,3535
Pendle,89452,9280,9428,70744,4540,4959,47279,38965,30826,13431,4921,1309,79206,6432,1412,2402
Preston,140202,12605,12880,114717,6295,7297,80584,65276,47840,18585,6644,1857,126063,8490,2198,3451
Ribble Valley,57132,4076,5470,47586,1454,2253,31314,29415,18376,7049,1805,487,50591,4758,617,1166
Rossendale,67982,6818,6692,54472,3257,3611,37402,31438,22508,9603,3475,958,60348,4864,988,1782
South Ribble,109057,9227,10409,89421,3706,4970,61075,52009,37211,14240,4473,1124,96565,8169,1558,2765
West Lancashire,110685,11212,10926,88547,4697,5179,59961,52675,36226,14800,5380,1604,97259,8242,1812,3372
Wyre,107749,12656,12945,82148,4553,5376,53913,46601,36224,17189,5944,1791,93912,8263,1886,3688
Knowsley,145893,20786,14965,110142,10486,8222,75503,67153,43505,21420,10631,3184,128028,8782,3207,5876
Liverpool,466415,59484,45136,361795,31281,26515,265053,217977,142132,65422,31162,9722,415853,26627,8950,14985
Sefton,273790,32202,29859,211729,13750,13895,141779,124069,89115,40620,15549,4437,239243,20527,5014,9006
St. Helens,175308,21660,18602,135046,9975,9613,92384,78620,55983,26198,11364,3143,152717,12528,3590,6473
Wirral,319783,37898,34306,247579,17405,16925,165202,148028,102085,45687,18448,5535,279443,23879,5768,10693
East Riding of Yorkshire,334179,29029,34936,270214,10822,14707,181349,151003,116859,48307,13877,4133,296811,24355,4418,8595
"Kingston upon Hull, City of",256406,25672,24719,206015,12535,13734,146040,110555,89572,38102,14047,4130,232770,12602,3622,7412
North East Lincolnshire,159616,14786,16334,128496,6384,7934,86772,70242,55935,23779,7507,2153,143623,9114,2117,4762
North Lincolnshire,167446,15333,16946,135167,6408,8146,91512,73234,59883,24667,7593,2069,149289,11092,2381,4684
York,198051,13018,17357,167676,4757,8088,120015,98402,67709,23752,6369,1819,179827,12701,1934,3589
Craven,55409,4348,5589,45472,1452,2200,29899,26383,19150,7387,1975,514,48798,4759,674,1178
Hambleton,89140,6330,8695,74115,2115,3527,49156,43384,30682,11235,2972,867,79136,7175,957,1872
Harrogate,157869,10490,14129,133250,3558,5897,88687,79934,53313,18633,4698,1291,141681,11732,1632,2824
Richmondshire,51965,3261,4662,44042,1234,2072,30316,26678,17383,5988,1523,393,47203,3281,564,917
Ryedale,51751,3881,5308,42562,1329,2052,27767,23555,18476,7329,1846,545,45847,4136,627,1141
Scarborough,108793,11369,13004,84420,4537,5684,55861,45241,38721,17588,5712,1531,96258,7663,1695,3177
Selby,83449,6020,7658,69771,2309,3742,48078,40351,28624,10654,3008,812,74674,6007,1041,1727
Barnsley,231221,29147,26121,175953,13748,13853,120724,96194,77649,37956,15278,4144,204054,15473,4075,7619
Doncaster,302402,33644,31891,236867,15425,16549,161794,131738,102983,45748,16982,4951,269038,18918,5027,9419
Rotherham,257280,29067,27521,200692,12794,13969,136413,111232,87237,39278,15114,4419,226279,17400,4736,8865
Sheffield,552698,50470,53245,448983,21807,26921,317588,258250,184343,75733,26703,7669,495325,35129,7732,14512
Bradford,522452,43975,46552,431925,21678,25845,283206,234133,186031,71580,23768,6940,471426,30983,7738,12305
Calderdale,203826,16730,19870,167226,7768,10124,113281,94449,70007,28091,8929,2350,182457,14170,2690,4509
Kirklees,422458,35694,39269,347495,16729,20448,234982,192366,147731,58042,19030,5289,378793,28118,5926,9621
Leeds,751485,59155,66523,625807,27010,33964,443420,361295,254023,95515,31504,9148,679887,45684,9473,16441
Wakefield,325837,36939,34962,253936,16799,18145,175711,139288,110920,50595,19507,5527,289216,21166,5515,9940
Derby,248752,21984,24472,202296,9898,12952,137557,111837,87060,35193,11413,3249,223168,15682,3586,6316
Leicester,329839,27615,29522,272702,14027,17602,191715,148108,117551,44278,14972,4930,298874,17503,5533,7929
Nottingham,305680,27699,27683,250298,14299,16254,183999,141038,103332,41581,15063,4666,278726,15211,4314,7429
Rutland,37369,2271,3517,31581,724,1401,20709,18828,12718,4532,1008,283,33570,2772,356,671
Amber Valley,122309,11554,13255,97500,4642,6472,66948,53826,42795,18336,5810,1542,107702,9510,1785,3312
Bolsover,75866,9886,8821,57159,4435,4588,39385,30934,25423,12965,5152,1392,66242,5444,1490,2690
Chesterfield,103788,11948,11985,79855,5421,6082,54801,43274,35622,16984,6204,1704,90754,7884,1792,3358
Derbyshire Dales,71116,5578,7608,57930,1924,3222,38326,33487,24683,9718,2475,753,62113,6568,889,1546
Erewash,112081,9988,11648,90445,4028,5690,62234,49349,39666,16762,4874,1430,99519,8137,1508,2917
High Peak,90892,7451,9013,74428,3173,4551,51023,43185,30980,12011,3696,1020,80578,7092,1185,2037
North East Derbyshire,99023,10594,11168,77261,4296,5171,52314,42535,33926,15734,5319,1509,85888,8382,1742,3011
South Derbyshire,94611,7565,8971,78075,3163,4569,53551,45075,32550,12348,3647,991,84129,6930,1350,2202
Blaby,93915,6464,8334,79117,2300,3677,53482,44615,33631,11764,3081,824,83363,7244,1234,2074
Charnwood,166100,11143,14726,140231,4269,6946,99401,79906,58637,20620,5465,1472,148973,11970,1863,3294
Harborough,85382,5048,7376,72958,1795,3209,48439,43421,29261,9707,2345,648,76399,6563,917,1503
Hinckley and Bosworth,105078,7845,9987,87246,2979,4530,59633,48612,37653,13974,3812,1027,93284,7962,1361,2471
Melton,50376,3165,4684,42527,1060,2061,28859,24349,17892,6295,1449,391,45103,3707,549,1017
North West Leicestershire,93468,7837,9093,76538,3028,4307,52224,42477,33202,12978,3733,1078,82811,6973,1342,2342
Oadby and Wigston,56170,4309,5412,46449,1434,2321,31717,25383,20568,7524,2082,613,49828,4252,751,1339
Boston,64637,6199,6841,51597,2610,3200,34723,26298,24225,10252,3058,804,58007,3926,937,1767
East Lindsey,136401,17475,17927,100999,7197,7724,65058,52138,48140,24915,8671,2537,118697,9524,2556,5624
Lincoln,93541,8012,9254,76275,3799,5037,56028,41329,34216,13005,3907,1084,84602,5296,1196,2447
North Kesteven,107766,9108,11496,87162,3323,5065,57820,49563,37834,14941,4198,1230,95573,7737,1473,2983
South Holland,88270,8376,9821,70073,3115,4153,46423,35771,33149,13968,4167,1215,78798,5681,1273,2518
South Kesteven,133788,10219,12910,110659,3797,5780,73948,62625,46999,17767,5005,1392,119947,9259,1603,2979
West Lindsey,89250,7944,9840,71466,3200,4414,47510,39293,32075,13100,3790,992,78767,6858,1167,2458
Corby,61255,5437,5431,50387,2669,2917,34739,28138,21539,8045,2697,836,55207,3495,889,1664
Daventry,77843,5115,6998,65730,2061,3332,44461,37709,27454,9398,2577,705,69390,5997,890,1566
East Northamptonshire,86765,5975,8108,72682,2313,3845,48813,40656,31175,11145,2945,844,77833,6143,995,1794
Kettering,93475,7166,8826,77483,3049,4406,52360,43038,33973,12039,3477,948,83733,6496,1142,2104
Northampton,212069,15175,18412,178482,6983,9793,124065,98367,77331,26530,7654,2187,192386,12777,2444,4462
South Northamptonshire,85189,4899,6978,73312,1676,3122,49427,43204,29703,9378,2247,657,76436,6323,920,1510
Wellingborough,75356,5982,7482,61892,2635,3696,41683,32913,27907,10687,2973,876,67469,5089,979,1819
Ashfield,119497,13340,13523,92634,6069,7090,63301,50253,41200,19484,6764,1796,105429,8087,2091,3890
Bassetlaw,112863,12202,12409,88252,5283,6284,60194,48326,39138,17794,5912,1693,99648,7988,1785,3442
Broxtowe,109487,9474,11117,88896,3774,5279,61787,49831,38276,15614,4521,1245,97204,8059,1563,2661
Gedling,113543,9986,11970,91587,3985,5628,62557,51154,39934,16473,4657,1325,100101,8998,1554,2890
Mansfield,104466,12708,12100,79658,5900,6493,55109,43295,35895,16922,6476,1878,91758,7361,1797,3550
Newark and Sherwood,114817,10966,12398,91453,4622,6086,61464,51505,39671,16874,5246,1521,101626,8380,1655,3156
Rushcliffe,111129,7540,9939,93650,2655,4298,63175,57689,36222,12779,3468,971,99338,8553,1147,2091
"Herefordshire, County of",183477,15370,18994,149113,5957,8398,98591,83874,64494,25517,7441,2151,162801,13998,2362,4316
Shropshire,306129,25568,31258,249303,9592,13698,166390,142309,106909,41475,11979,3457,271869,22835,4046,7379
Stoke-on-Trent,249008,29283,27218,192507,14345,15242,132237,104510,86311,38179,15356,4652,221623,15214,4357,7814
Telford and Wrekin,166641,15060,15935,135646,7199,8739,92413,76439,57198,22609,8023,2372,148697,10313,2653,4978
Cannock Chase,97462,10124,10080,77258,4361,5276,53733,42634,34133,14091,5121,1483,85645,6947,1736,3134
East Staffordshire,113583,8982,11125,93476,3722,5468,63500,52094,40576,15302,4377,1234,102116,7492,1443,2532
Lichfield,100654,8289,9976,82389,3007,4451,55345,47225,35014,13259,3959,1197,89085,7662,1359,2548
Newcastle-under-Lyme,123871,12427,13397,98047,5204,6644,68457,55311,42716,17802,6312,1730,109140,9235,1972,3524
South Staffordshire,108131,9016,11197,87918,3126,4920,59955,49032,38390,14901,4435,1373,94589,9145,1721,2676
Stafford,130869,10481,13353,107035,4000,6206,73146,60366,46574,17316,5118,1495,115829,10208,1709,3123
Staffordshire Moorlands,97106,9599,10856,76651,3734,4986,52005,42874,34050,14432,4420,1330,84555,8308,1545,2698
Tamworth,76813,6544,7201,63068,2967,3774,43582,35029,27064,10314,3399,1007,68698,4794,1143,2178
North Warwickshire,62014,5764,6172,50078,2225,2969,34470,27979,21604,8725,2850,856,54495,4797,924,1798
Nuneaton and Bedworth,125252,11877,12502,100873,5121,6363,68838,55086,44255,18133,6019,1759,111020,8557,1995,3680
Rugby,100075,7037,9077,83961,2699,4216,56440,47711,35306,12580,3508,970,89684,7118,1211,2062
Stratford-on-Avon,120485,8505,11829,100151,2784,4773,65905,58094,41966,15315,4049,1061,106834,9685,1413,2553
Warwick,137648,8763,11647,117238,3384,5209,82408,69660,46720,15719,4275,1274,124201,9714,1374,2359
Birmingham,1073045,98181,99720,875144,47004,55923,587223,488568,363904,148782,54105,17686,965665,61188,17642,28550
Coventry,316960,27578,28669,260713,12434,15042,180380,145948,109815,42006,14765,4426,284859,19456,4707,7938
Dudley,312925,30578,32850,249497,12386,15648,167190,132825,111905,47828,15918,4449,274951,23156,5345,9473
Sandwell,308063,33248,31155,243660,14821,16538,163629,129182,107081,48087,18171,5542,274533,17785,5808,9937
Solihull,206674,16854,20073,169747,6259,8821,112817,98197,70683,27056,8241,2497,182561,16084,2896,5133
Walsall,269323,28065,27837,213421,11911,14145,141252,113525,94650,41653,14968,4527,238691,17015,4840,8777
Wolverhampton,249470,25416,25842,198212,11081,13395,134942,104263,88168,39096,13796,4147,222334,15450,4278,7408
Bromsgrove,93637,7585,8863,77189,2500,3690,51782,45932,31306,11885,3484,1030,82436,7723,1304,2174
Malvern Hills,74631,6477,8112,60042,2182,3208,38848,34011,26171,10494,2939,1016,65241,6543,1000,1847
Redditch,84214,6723,7643,69848,3150,4113,48509,39391,29354,10913,3522,1034,75325,5559,1176,2154
Worcester,98768,7131,8874,82763,3018,4560,58104,46851,34497,12625,3780,1015,89120,6386,1187,2075
Wychavon,116944,8936,11649,96359,3122,4837,64065,54212,41641,15608,4339,1144,103510,9225,1418,2791
Wyre Forest,97975,8993,10506,78476,3662,4766,52299,42730,34481,14881,4548,1335,86852,7086,1360,2677
Bedford,157479,11181,14020,132278,4768,6772,89463,73860,56663,19812,5596,1548,141395,10838,2055,3191
Central Bedfordshire,254381,15465,21142,217774,6097,10069,148547,125019,90360,29202,7672,2128,228546,18247,2702,4886
Luton,203201,14073,16514,172614,6605,9284,116675,94607,73300,25277,7571,2446,184945,10975,2836,4445
Peterborough,183631,14053,16538,153040,6526,8856,104235,81275,68493,24362,7425,2076,165941,10732,2616,4342
Southend-on-Sea,173658,15275,16841,141542,6214,8274,95335,78341,60929,24420,7778,2190,155976,11412,2131,4139
Thurrock,157705,11401,13149,133155,5199,6920,91267,76012,54788,19389,5888,1628,143099,8613,2172,3821
Cambridge,123867,6798,9266,107803,2979,5070,83357,67743,39600,12021,3533,970,114090,7146,1042,1589
East Cambridgeshire,83818,5423,7479,70916,1982,3346,47846,40874,29487,10131,2614,712,75529,5725,927,1637
Fenland,95262,9476,10554,75232,3892,4798,50473,37577,36042,15760,4590,1293,84668,6154,1496,2944
Huntingdonshire,169508,10653,14650,144205,4392,6972,98493,82675,60470,19682,5239,1442,152983,11150,1911,3464
South Cambridgeshire,148755,8271,12457,128027,3023,5523,86094,78041,50147,15792,3739,1036,133764,11138,1409,2444
Basildon,174497,14296,16040,144161,6199,8046,97065,80704,60991,23145,7355,2302,156864,10776,2402,4455
Braintree,147084,10695,13415,122974,4298,6510,82877,69884,52492,18291,5046,1371,132254,10001,1700,3129
Brentwood,73601,5019,6430,62152,1756,2774,41536,37548,24537,8565,2306,645,65805,5539,819,1438
Castle Point,88011,7995,8753,71263,2841,3731,47569,38280,31786,12963,3873,1109,78114,6100,1288,2509
Chelmsford,168310,10186,14124,144000,3952,6509,98524,84476,58430,19261,4778,1365,151560,11962,1720,3068
Colchester,173074,12141,15202,145731,5213,7442,101464,84520,60279,20925,5692,1658,156504,11121,2036,3413
Epping Forest,124659,8831,10770,105058,3202,4810,71146,61413,42077,15435,4441,1293,111850,8870,1439,2500
Harlow,81944,6416,7592,67936,2764,3980,46012,36969,29380,11203,3398,994,73883,5025,1158,1878
Maldon,61629,4702,6036,50891,1752,2716,33962,28471,21961,8269,2260,668,54468,4870,837,1454
Rochford,83287,5957,8165,69165,2066,3516,46010,39774,29085,10832,2816,780,73866,6508,1033,1880
Tendring,138048,17303,17959,102786,6319,7173,64730,53035,49451,25052,8048,2462,120698,10081,2377,4892
Uttlesford,79443,4440,6400,68603,1519,2754,45551,41746,26483,8620,2067,527,71510,5826,783,1324
Broxbourne,93609,6396,7885,79328,2512,3602,53440,44661,33072,11544,3357,975,84538,5847,1124,2100
Dacorum,144847,9180,12156,123511,3676,5751,83673,72910,49326,16778,4576,1257,129973,10551,1554,2769
East Hertfordshire,137687,7360,10685,119642,2726,4922,81238,72332,46399,14325,3678,953,124888,9361,1313,2125
Hertsmere,100031,6755,8114,85162,2623,3662,57228,51558,32887,11433,3208,945,90176,6769,1266,1820
North Hertfordshire,127114,8017,11165,107932,2750,4990,72937,63801,43360,14965,3958,1030,114309,9076,1386,2343
St Albans,140664,7616,10479,122569,2707,4647,81460,77531,44813,13802,3521,997,127290,9794,1378,2202
Stevenage,83957,5967,7240,70750,2570,3695,48729,39514,29953,10652,2984,854,75407,5365,1053,2132
Three Rivers,87317,5402,7223,74692,1948,3236,49929,44267,29873,9772,2672,733,78462,6404,934,1517
Watford,90301,5469,6831,78001,2359,3578,54605,45200,31453,9911,2931,806,82239,5412,1066,1584
Welwyn Hatfield,110535,6924,8984,94627,2681,4221,66528,56252,37488,12427,3431,937,100165,7112,1182,2076
Breckland,130491,11537,14108,104846,4301,6058,69010,55097,48663,19565,5623,1543,116566,8537,1811,3577
Broadland,124646,10089,13241,101316,3504,5440,66897,55219,46106,17475,4499,1347,110303,9925,1527,2891
Great Yarmouth,97277,10578,11274,75425,4490,5200,49687,39204,35032,16130,5330,1581,86372,5984,1572,3349
King`s Lynn and West Norfolk,147451,14426,16955,116070,5494,7098,76206,60322,54681,23441,7077,1930,130039,10357,2261,4794
North Norfolk,101499,10456,13153,77890,3636,4954,49043,39504,38336,17412,4839,1408,89097,7959,1450,2993
Norwich,132512,11372,13002,108138,5365,7144,78951,59454,46939,18620,5862,1637,120628,7492,1523,2869
South Norfolk,124012,9238,13002,101772,3324,5404,66466,57480,44400,16575,4297,1260,110192,9604,1482,2734
Babergh,87740,6333,8910,72497,2266,3685,47114,40875,31433,11624,3023,785,78024,6819,1020,1877
Forest Heath,59748,4024,4986,50738,1536,2269,35185,28739,21194,7235,2035,545,54796,3110,634,1208
Ipswich,133384,10718,12824,109842,4795,6636,76135,60771,47800,18053,5233,1527,120322,8193,1730,3139
Mid Suffolk,96731,6450,9559,80722,2193,4022,53221,46319,34155,12432,3020,805,86263,7418,1055,1995
St Edmundsbury,111008,7863,10350,92795,2873,4453,62367,52543,39656,14081,3695,1033,99949,7550,1187,2322
Suffolk Coastal,124298,9790,13173,101335,3270,5225,65101,57526,44087,17122,4427,1136,109461,10276,1642,2919
Waveney,115254,12158,13551,89545,4678,5692,57506,47348,41820,18541,5829,1716,101603,8141,1776,3734
Camden,220338,15531,16300,188507,8810,9784,142302,117692,67334,22963,9174,3175,203032,11551,2437,3318
City of London,7375,328,520,6527,141,253,5326,4112,2374,643,190,56,6799,455,51,70
Hackney,246270,18064,17620,210586,10943,12073,154734,128442,75699,26837,11183,4109,228322,10734,3094,4120
Hammersmith and Fulham,182493,11473,11485,159535,6549,6984,122917,103036,53374,17188,6531,2364,170159,7936,1867,2531
Haringey,254926,17255,18408,219263,9810,11696,158981,126485,85567,28444,10650,3780,236039,11812,2904,4171
Islington,206125,16542,15729,173854,9766,10298,135200,106386,63382,23113,9771,3473,189814,10044,2505,3762
Kensington and Chelsea,158649,9332,10237,139080,5113,5815,104224,91764,45189,14464,5357,1875,147671,7472,1552,1954
Lambeth,303086,18618,20053,264415,10432,12878,201803,160326,97286,31188,10729,3557,282609,13035,3172,4270
Lewisham,275885,19523,20212,236150,10388,12264,169962,135428,93850,32289,10755,3563,253364,13931,3502,5088
Newham,307984,21563,21148,265273,12254,14427,190816,149269,106549,34839,12763,4564,283380,13094,5191,6319
Southwark,288283,18978,20002,249303,10891,12976,188705,154204,90004,29935,10544,3596,267558,12531,3446,4748
Tower Hamlets,254096,17258,17045,219793,10293,11911,166179,128468,83209,27062,11228,4129,234740,10931,3510,4915
Wandsworth,306995,16114,18272,272609,8117,10664,210297,176198,91935,27299,8749,2814,287010,13132,2876,3977
Westminster,219396,15326,15553,188517,8862,9482,143954,118808,65807,22027,9263,3491,203518,9916,2536,3426
Barking and Dagenham,185911,15584,14876,155451,7823,8730,101739,87819,62720,24042,8686,2644,169710,8637,2941,4623
Barnet,356386,23475,26428,306483,10243,13411,211066,183453,117508,39172,12197,4056,324066,21487,4586,6247
Bexley,231997,17057,19996,194944,6832,9139,131248,111323,80446,29015,8688,2525,208475,14752,3051,5719
Brent,311215,21669,23213,266333,11112,13855,190815,149695,108169,36731,12339,4281,284605,15813,4938,5859
Bromley,309392,20472,25851,263069,7982,11787,177000,154998,105574,36098,9904,2818,278380,21274,3439,6299
Croydon,363378,24380,28733,310265,11840,15629,212424,174584,128634,43473,12734,3953,329695,22063,4750,6870
Ealing,338449,22885,24894,290670,11184,14520,207641,166385,116712,38421,12817,4114,309676,17668,5033,6072
Enfield,312466,22682,25297,264487,11119,14074,178439,146351,109394,39699,12840,4182,284842,17299,4131,6194
Greenwich,254557,19017,19417,216123,10011,11377,151659,127641,83875,29386,10420,3235,232543,13085,3519,5410
Harrow,239056,16167,18687,204202,6788,9424,141119,113731,86069,28329,8289,2638,214436,15889,3947,4784
Havering,237232,19466,21478,196288,7409,9735,133423,109131,84378,31492,9464,2767,212018,16094,3285,5835
Hillingdon,273936,17981,21198,234757,8043,11071,162751,133627,96647,31492,9404,2766,248031,16563,3816,5526
Hounslow,253957,16403,18600,218954,8193,10514,156858,124442,89064,28552,9085,2814,231647,13897,3623,4790
Kingston upon Thames,160060,8605,11297,140158,3508,5679,100245,84332,53598,16425,4438,1267,146772,9331,1611,2346
Merton,199693,11239,13993,174461,4997,7290,125431,103891,67098,21025,5930,1749,183366,10531,2408,3388
Redbridge,278970,19534,21838,237598,8740,11911,162076,134230,97595,33470,10479,3196,251679,17182,4405,5704
Richmond upon Thames,186990,9137,12310,165543,3663,5776,115317,107217,57088,16662,4617,1406,171188,11816,1605,2381
Sutton,190146,12122,15067,162957,5100,7537,112288,92668,67563,22127,6072,1716,171848,12436,2242,3620
Waltham Forest,258249,17884,19744,220621,9114,11833,156618,121652,91954,31133,10053,3457,236976,12887,3426,4960
Bracknell Forest,113205,5901,7996,99308,2420,4056,69120,59320,38814,11394,2859,818,103531,6719,1098,1857
Brighton and Hove,273369,20445,24124,228800,10216,13440,169676,134673,91970,32298,11151,3277,249402,16401,2850,4716
Isle of Wight,138265,14274,16972,107019,5711,7327,69597,56420,50514,22378,6921,2032,121845,10208,2108,4104
Medway,263925,19733,23621,220571,9236,12399,151871,120662,95679,34307,10388,2889,238892,15001,3348,6684
Milton Keynes,248821,15802,18736,214283,7593,10564,147761,124826,86778,26929,7955,2333,227024,14018,2991,4788
Portsmouth,205056,15068,17791,172197,6759,9447,123638,97795,71443,25464,7995,2359,187920,10794,2239,4103
Reading,155698,8815,11295,135588,3965,6080,97705,78169,54913,16770,4590,1256,143383,8074,1642,2599
Slough,140205,8611,10173,121421,4279,6102,83440,67156,50464,16288,4906,1391,128579,7058,1977,2591
Southampton,236882,18165,20234,198483,8705,11080,144973,112653,82880,29278,9223,2848,216519,12681,2880,4802
West Berkshire,153822,8262,12016,133544,3163,5605,90337,79432,53069,16456,3818,1047,139534,10313,1466,2509
Windsor and Maidenhead,144560,7952,10412,126196,2551,4375,84897,78802,46571,14234,3872,1081,131325,9604,1432,2199
Wokingham,154380,7262,11118,136000,2496,5008,91717,83759,51808,14566,3310,937,140478,10190,1397,2315
Aylesbury Vale,174137,9921,13733,150483,3899,6584,102048,89515,59530,19073,4661,1358,157571,11840,1787,2939
Chiltern,92635,5054,7394,80187,1681,2814,51216,49848,30368,9433,2334,652,82971,7324,859,1481
South Bucks,66867,3965,5335,57567,1202,2095,37953,35055,22267,7025,1959,561,59974,4982,737,1174
Wycombe,171644,9339,13187,149118,3399,6085,100107,88483,58721,18456,4653,1331,155253,11674,1885,2832
Eastbourne,99412,9622,11209,78581,3707,4767,51914,42818,35193,15251,4712,1438,88894,6678,1261,2579
Hastings,90254,9581,10375,70298,4832,5586,47669,36556,32707,14276,5159,1556,80812,5708,1321,2413
Lewes,97502,8471,10583,78448,3164,4424,50792,43719,34634,13900,4066,1183,86001,8000,1197,2304
Rother,90588,9651,11591,69346,3255,4304,43037,36737,33152,14960,4463,1276,79327,7279,1250,2732
Wealden,148915,10918,15144,122853,3733,5860,78708,70867,52009,19408,5198,1433,132228,11872,1716,3099
Basingstoke and Deane,167799,9326,13402,145071,3967,6601,99228,85034,58917,18047,4559,1242,152566,10548,1697,2988
East Hampshire,115608,7402,9841,98365,2611,4190,64915,58330,40113,12885,3336,944,103977,8497,1106,2028
Eastleigh,125199,8279,10837,106083,3236,5109,72306,61561,44190,14538,3817,1093,112478,8895,1417,2409
Fareham,111581,7548,10839,93194,2473,4502,62402,54170,39284,13638,3489,1000,99702,8382,1198,2299
Gosport,82622,6405,8095,68122,2710,3942,45644,37447,29915,11224,3215,821,74446,5239,988,1949
Hart,91033,4123,6822,80088,1451,2926,53286,50079,30120,8432,1891,511,83037,5931,779,1286
Havant,120684,10647,12696,97341,4339,5425,63618,53474,43275,17188,5172,1575,107566,8185,1620,3313
New Forest,176462,14591,19391,142480,4753,7273,91346,79671,63302,24871,6715,1903,155715,14238,2195,4314
Rushmoor,93807,5250,7185,81372,2302,3853,57255,46970,33340,10099,2625,773,86057,5145,989,1616
Test Valley,116398,7456,10263,98679,2742,4580,65695,58222,40262,13530,3457,927,104283,8551,1272,2292
Winchester,116595,6862,10065,99668,2318,4305,66708,62025,38219,12354,3135,862,105023,8613,1025,1934
Ashford,117956,8416,10669,98871,3489,5107,64847,56128,41385,15027,4163,1253,106137,7686,1428,2705
Canterbury,151145,12427,14891,123827,4762,6612,86152,70764,52338,20211,6133,1699,135562,10089,1815,3679
Dartford,97365,6621,8114,82630,2718,3955,56717,47273,33941,11837,3314,1000,88146,5927,1126,2166
Dover,111674,10853,12404,88417,4473,5815,58577,48433,39477,16745,5538,1481,99020,7892,1579,3183
Gravesham,101720,7796,9546,84378,3418,4521,56735,47298,35572,13629,4104,1117,91410,6371,1383,2556
Maidstone,155143,10660,13845,130638,4182,6457,88323,74636,54384,19291,5323,1509,139582,10472,1728,3361
Sevenoaks,114893,7219,9872,97802,2564,4182,64068,58796,38344,13180,3569,1004,102948,8501,1190,2254
Shepway,107969,10753,11965,85251,4517,5458,56370,45577,38999,16465,5321,1607,95663,7465,1663,3178
Swale,135835,11742,13580,110513,5357,6728,73831,60198,48719,19118,6008,1792,121577,8351,1897,4010
Thanet,134186,15369,15979,102838,6459,7325,66359,54640,47109,22377,7785,2275,118684,8925,2190,4387
Tonbridge and Malling,120805,7579,10367,102859,2948,4607,67839,60306,41475,14263,3728,1033,108724,8258,1321,2502
Tunbridge Wells,115049,6972,9399,98678,2726,4298,65384,59156,38656,12788,3550,899,104510,7527,1112,1900
Cherwell,141868,8698,11374,121796,3405,5561,82757,71403,49163,15844,4261,1197,128514,9216,1452,2686
Oxford,151906,8139,10712,133055,3724,6017,100344,83904,48201,14320,4189,1292,140181,8159,1468,2098
South Oxfordshire,134257,7541,10959,115757,2463,4685,76704,70571,44779,14409,3517,981,121001,9817,1250,2189
Vale of White Horse,120988,7041,10143,103804,2378,4248,69480,62738,41117,13063,3163,907,108550,9035,1183,2220
West Oxfordshire,104779,6208,8941,89630,1970,3799,60281,53984,35438,11685,2942,730,94421,7540,1050,1768
Elmbridge,130875,6697,9134,115044,2187,3787,75513,73880,40555,12360,3213,867,119244,8653,1100,1878
Epsom and Ewell,75102,4198,5868,65036,1566,2538,43692,39208,25355,7988,2016,535,67774,5294,818,1216
Guildford,137183,7096,10220,119867,2629,4673,83894,73969,45445,13442,3402,925,124607,9250,1215,2111
Mole Valley,85375,5213,7329,72833,1709,2902,47295,43926,28801,9607,2437,604,76464,6731,770,1410
Reigate and Banstead,137835,8418,10848,118569,3050,5003,79939,71052,46908,14866,3844,1165,124730,9401,1423,2281
Runnymede,80510,4737,6418,69355,1603,2812,48770,41319,27451,8767,2371,602,73108,5208,811,1383
Spelthorne,95598,6139,8125,81334,2217,3593,55599,45929,34239,11509,3085,836,85754,6701,1150,1993
Surrey Heath,86144,4444,6396,75304,1530,2815,50552,46062,28683,8613,2148,638,78250,5748,823,1323
Tandridge,82998,5340,6972,70686,1939,2965,46663,41916,28514,9450,2403,715,74463,6241,852,1442
Waverley,121572,6984,9893,104695,2236,3944,67476,65068,39777,12768,3078,881,109567,9031,1104,1870
Woking,99198,5486,7399,86313,2112,3496,58734,51360,34291,10184,2602,761,89996,6662,973,1567
Adur,61182,5592,6710,48880,2138,2876,32131,26107,22373,9181,2757,764,54233,4472,835,1642
Arun,149518,13984,17505,118029,4684,6734,75418,62774,54975,23299,6608,1862,132964,10771,1976,3807
Chichester,113794,8328,11555,93911,2622,4271,60374,54210,39771,14900,3822,1091,101307,8924,1195,2368
Crawley,106597,7001,8701,90895,3266,4598,63217,50751,38279,12856,3679,1032,96695,6378,1418,2106
Horsham,131301,7857,11550,111894,2724,4760,73704,66403,45684,14580,3560,1074,117659,10133,1233,2276
Mid Sussex,139860,8084,11737,120039,2905,4914,79629,72448,47524,14938,3864,1086,125878,10375,1306,2301
Worthing,104640,9310,10966,84364,3595,4683,56119,46272,37777,15082,4355,1154,93761,7268,1319,2292
Bath and North East Somerset,176016,12267,16028,147721,4505,7200,102917,88882,58849,20856,5831,1598,158431,12396,1989,3200
Bournemouth,183491,15858,18289,149344,6829,8872,107212,84955,63260,24866,8009,2401,166166,11280,2260,3785
"Bristol, City of",428234,34570,37154,356510,15908,20499,257374,209024,143283,52446,18056,5425,388096,25709,5253,9176
Cornwall,532273,53166,60549,418558,22002,27627,277462,240759,178805,79181,25907,7621,469081,39052,8284,15856
Isles of Scilly,2203,108,200,1895,27,68,1256,1135,754,248,53,13,1983,165,20,35
North Somerset,202566,17335,21405,163826,6670,9380,107231,93803,70435,27670,8276,2382,180253,15172,2577,4564
Plymouth,256384,25548,26644,204192,12116,14197,143474,117976,85956,35756,13012,3684,229137,15624,4057,7566
Poole,147645,12040,15168,120437,4543,6526,80759,68689,51486,19849,5841,1780,131433,10761,1846,3605
South Gloucestershire,262767,17842,23072,221853,6667,10748,151013,129141,91675,30940,8556,2455,235128,19279,2976,5384
Swindon,209156,14638,17664,176854,6546,9226,123148,100931,73591,25056,7556,2022,189676,12431,2680,4369
Torbay,130959,15500,15951,99508,6448,7183,64805,54614,45098,21355,7625,2267,114852,9137,2286,4684
Wiltshire,470981,31408,43836,395737,12012,19611,262902,234318,160362,57221,14974,4106,423373,33064,5066,9478
East Devon,132457,11814,16025,104618,3527,5625,65504,58004,47716,19960,5285,1492,116613,10746,1762,3336
Exeter,117773,9006,10683,98084,3936,5332,71529,58775,39301,14075,4331,1291,106782,7246,1298,2447
Mid Devon,77750,5792,7708,64250,2232,3270,41833,36263,27554,10398,2785,750,69298,5798,927,1727
North Devon,93667,8180,10219,75268,3023,4382,49165,43441,31704,13264,4064,1194,83324,6634,1260,2449
South Hams,83140,6813,9160,67167,2633,3808,43673,39414,28574,11075,3156,921,72911,7102,1156,1971
Teignbridge,124220,11534,14081,98605,4103,5913,64706,55819,43342,18237,5268,1554,109201,9873,1767,3379
Torridge,63839,6116,7324,50399,2439,3155,32749,27787,22242,9843,3128,839,56230,4839,989,1781
West Devon,53553,4579,6145,42829,1716,2631,27915,24556,18599,7646,2120,632,47156,4290,709,1398
Christchurch,47752,4629,6071,37052,1387,2114,22601,20203,17116,7681,2208,544,41764,3933,686,1369
East Dorset,87166,7152,10023,69991,2017,3416,43805,39505,31183,12436,3162,880,76271,7447,1148,2300
North Dorset,68583,4896,7123,56564,1762,2906,36763,32782,24146,8808,2266,581,61309,5006,766,1502
Purbeck,44973,3702,5057,36214,1300,2034,23397,20231,16148,6340,1782,472,39281,3924,653,1115
West Dorset,99264,8645,11468,79151,2878,4240,50140,44070,35640,14604,3878,1072,87308,8313,1237,2406
Weymouth and Portland,65167,6315,7786,51066,2780,3718,34193,27562,23933,9802,2952,918,57650,4739,966,1812
Cheltenham,115732,7582,9924,98226,3006,4535,69138,57758,39722,13631,3637,984,105199,7505,1111,1917
Cotswold,82881,5417,7952,69512,1770,3113,45766,40433,29067,10220,2498,663,74131,6408,822,1520
Forest of Dean,81961,7265,8798,65898,2763,3932,44266,36281,29340,11879,3535,926,72293,6296,1197,2175
Gloucester,121688,9285,11148,101255,4060,5703,69703,56655,43150,15933,4616,1334,109564,7924,1468,2732
Stroud,112779,8073,10779,93927,2926,4789,62559,53779,39711,14441,3783,1065,99932,9349,1293,2205
Tewkesbury,81943,5670,7853,68420,1923,3317,45609,39036,29183,10213,2703,808,73221,6114,939,1669
Mendip,109279,8407,11067,89805,3235,4990,59379,51153,38270,14619,4137,1100,97441,8113,1284,2441
Sedgemoor,114588,10077,12436,92075,4112,5585,60760,51044,40291,16930,4994,1329,101589,8361,1589,3049
South Somerset,161243,12699,16600,131944,4714,6916,86170,73277,57906,22282,6115,1663,143762,11943,1988,3550
Taunton Deane,110187,9115,11012,90060,3512,4833,59752,51946,38014,14854,4225,1148,98516,8026,1351,2294
West Somerset,34675,3690,4561,26424,1328,1714,16722,14080,12620,5741,1756,478,30282,2910,504,979
Anglesey,69751,7970,8142,53639,3086,3669,35489,33492,21309,10541,3413,996,61709,4677,1180,2185
Gwynedd,121874,11824,13184,96866,4625,5882,65276,61396,37383,16593,4998,1504,109431,7266,1680,3497
Conwy,115228,13896,14019,87313,5209,5982,56749,52335,36977,17874,6237,1805,101623,7813,1814,3978
Denbighshire,93734,11350,10645,71739,4885,5022,47184,43690,29420,13770,5341,1513,82103,6470,1765,3396
Flintshire,152506,14474,15189,122843,6128,7479,83419,74216,49498,20114,6774,1904,134863,10680,2487,4476
Wrexham,134844,14139,13766,106939,6150,7003,73022,63642,43813,19009,6531,1849,119696,8853,2247,4048
Powys,132976,13515,14922,104539,5134,6482,68221,59511,45459,19857,6375,1774,116822,10250,2084,3820
Ceredigion,75922,7589,8436,59897,3223,3981,41783,35796,24369,10946,3660,1151,67319,5234,1144,2225
Pembrokeshire,122439,13587,13970,94882,5534,6415,61720,55535,39889,18684,6383,1948,107244,9006,2128,4061
Carmarthenshire,183777,24912,21763,137102,10474,10665,91448,82638,55618,30011,11475,4035,159788,13390,3485,7114
Swansea,239023,30007,25711,183305,13684,13304,127827,116295,69978,33402,14473,4875,208674,17346,4495,8508
Neath Port Talbot,139812,22492,16620,100700,10672,8904,69548,62849,39694,22640,11028,3601,119447,10380,3273,6712
Bridgend,139178,18756,15603,104819,8897,8114,72025,64134,41659,21002,9459,2924,121259,9653,2763,5503
The Vale of Glamorgan,126336,12538,13091,100707,5354,6417,67678,60656,40486,17123,6191,1880,110761,9939,2050,3586
Cardiff,346090,31838,30493,283759,15192,17156,205215,174329,107477,42014,16745,5525,311085,21671,4729,8605
"Rhondda, Cynon, Taff",234410,33912,26677,173821,16084,14557,119402,105154,69544,37208,17396,5108,204770,15671,4580,9389
Merthyr Tydfil,58802,9271,6525,43006,4715,3585,29746,25948,16961,9324,4908,1661,51375,3779,1285,2363
Caerphilly,178806,25009,20356,133441,12023,11249,90988,79382,54272,28488,12844,3820,156085,12254,3507,6960
Blaenau Gwent,69814,10987,8022,50805,5284,4419,35141,29269,21385,11696,5692,1772,61062,4333,1611,2808
Torfaen,91075,11917,10030,69128,5350,5205,46908,39398,29619,14155,5965,1938,79146,6714,1757,3458
Monmouthshire,91323,8820,9572,72931,3402,4283,48352,42365,30742,12800,4173,1243,79832,7509,1433,2549
Newport,145736,15515,14801,115420,7051,7451,78095,66667,47811,20538,8161,2559,129132,9548,2549,4507
