district,total,English,Welsh/Cymraeg,"Gaelic, Manx Gaelic, Cornish, Scots, Gypsy",French,Portuguese,Spanish,Other EU Language: Total,Italian,German,Polish,Slovak,Romanian,Lithuanian,Bulgarian,Greek,Non-EU Language: Total,Other European Language (non EU): Albanian,Other European Language (non-national): Total,Yiddish,Russian,Turkish,Arabic,Kurdish,Persian/Farsi,Pashto,Urdu,Hindi,Panjabi,Pakistani Pahari (with Mirpuri and Potwari),Bengali (with Sylheti and Chatgaya),Gujarati,Tamil,Malayalam,Nepalese,South Asian Language (all other),Non-Standard Chinese,Japanese,Korean,Tagalog/Filipino,African Languages,Somali
,,,,,,,,,,,,,,,,,,,,,,,,,,,,,,,,,,,,,,,,,,
Darlington,101547,98892,5,4,33,13,33,1308,37,57,854,17,91,100,16,8,7,0,1,0,40,33,85,52,31,9,35,21,126,0,252,9,40,40,51,8,112,8,4,62,37,0
County Durham,496111,488753,26,36,263,96,205,3160,195,395,1653,67,88,212,50,121,71,8,0,0,135,181,437,29,123,3,108,71,184,0,112,21,42,71,3,37,722,67,38,127,100,1
Hartlepool,88600,87345,3,5,19,4,20,426,7,20,301,8,8,11,1,2,12,0,0,0,10,16,40,11,20,13,73,13,45,15,119,3,28,8,0,0,91,3,5,59,47,8
Middlesbrough,132671,125489,3,6,143,43,53,1423,67,56,582,82,44,119,5,76,86,30,0,0,68,41,793,351,202,161,882,78,916,85,120,15,179,109,39,28,477,6,14,41,347,32
Northumberland,306525,303498,19,23,89,82,110,1241,45,136,597,16,53,114,16,16,48,4,0,0,72,65,59,16,23,3,67,20,168,0,161,5,17,73,7,4,140,20,6,154,50,4
Redcar and Cleveland,130641,129666,8,10,43,12,29,315,14,31,132,3,31,14,2,21,26,21,0,0,38,33,30,17,9,2,50,5,49,5,35,3,23,2,2,0,44,6,0,38,11,0
Stockton-on-Tees,184166,180089,4,19,79,41,89,775,39,58,354,23,68,21,12,24,32,3,0,0,35,28,175,123,128,23,477,41,602,17,81,29,71,28,3,32,296,17,30,190,197,2
Gateshead,192889,187319,11,17,224,131,92,1898,115,117,1096,57,84,58,82,36,108,55,2,1,130,93,265,338,292,18,153,56,123,5,133,4,73,49,8,11,418,25,9,172,224,6
Newcastle upon Tyne,269980,244445,19,29,746,515,421,4481,282,388,1374,420,206,241,128,457,327,49,3,0,375,269,2374,432,1029,224,1461,395,954,121,2477,114,308,267,171,125,3186,156,117,503,927,40
North Tyneside,193700,190008,11,18,140,83,111,970,81,128,413,17,55,45,15,35,80,29,1,0,106,55,109,22,149,12,83,58,123,0,351,12,18,97,9,24,226,16,10,218,110,0
South Tyneside,143183,140468,6,8,43,37,44,428,21,68,162,8,37,35,7,10,21,1,0,0,39,44,249,51,112,11,207,41,127,0,737,8,26,29,10,11,69,2,7,32,94,8
Sunderland,266379,259663,7,7,78,49,60,1471,98,64,670,23,35,99,34,298,40,12,0,0,66,74,206,105,194,18,207,69,296,3,1209,19,66,222,15,45,884,60,2,312,225,7
Blackburn with Darwen,140785,121852,4,22,63,39,89,2058,149,59,1396,57,29,174,10,7,55,21,0,0,49,36,382,323,218,161,2891,115,3926,57,544,6378,88,59,13,407,156,1,0,69,203,15
Blackpool,137019,133235,19,37,56,28,77,2084,114,57,1539,33,51,37,9,22,21,11,0,0,58,38,89,59,18,16,74,49,23,1,116,22,53,90,22,10,152,7,0,146,41,0
Cheshire East,358268,348956,145,17,286,169,269,5315,157,307,3733,338,64,57,100,66,68,8,1,1,129,127,149,76,105,19,171,119,73,1,211,56,138,141,26,49,271,79,14,274,112,0
Cheshire West and Chester,318942,312137,320,17,225,168,266,3326,149,194,1991,146,94,122,102,53,49,7,1,0,90,201,121,21,51,7,61,52,51,0,290,40,74,131,15,27,234,63,7,181,97,0
Halton,120704,119443,24,4,21,29,24,605,14,28,349,38,7,44,17,8,8,5,0,0,33,21,27,19,9,3,6,10,13,0,18,3,40,10,19,0,102,6,0,20,19,0
Warrington,194801,189020,72,14,126,60,84,3008,69,117,1707,401,49,64,34,21,23,5,0,0,72,75,156,81,31,13,269,105,174,0,77,38,110,82,6,40,242,15,4,207,92,9
Allerdale,93469,92475,17,4,49,14,32,553,15,44,210,60,38,40,18,5,8,0,0,0,15,24,5,3,5,2,4,3,3,0,33,4,2,14,9,0,27,2,1,41,15,0
Barrow-in-Furness,66916,66119,13,7,12,15,28,314,10,32,187,6,23,2,4,6,16,8,0,0,13,22,23,2,8,4,10,13,0,0,14,3,14,13,4,2,63,1,2,69,6,0
Carlisle,103828,101053,3,16,26,187,62,1598,51,90,1179,47,19,34,37,20,21,0,0,0,18,49,29,0,10,1,32,32,12,0,105,7,7,16,119,20,106,3,3,37,18,0
Copeland,68427,67672,8,4,40,5,27,246,17,31,96,5,7,42,11,4,4,0,0,0,8,18,10,1,11,2,20,8,11,0,43,11,4,18,3,8,88,3,1,42,16,0
Eden,51149,50377,8,5,23,13,17,523,24,29,325,9,42,11,18,2,6,0,0,0,6,1,11,1,8,0,2,6,2,0,20,1,0,15,4,1,28,6,1,10,6,0
South Lakeland,101034,98839,9,6,71,27,96,1359,45,108,700,83,80,29,23,16,29,7,0,0,49,17,18,2,3,0,10,9,2,0,22,2,4,55,2,2,119,15,1,85,20,0
Bolton,265412,242898,23,17,274,234,92,3080,131,104,1596,178,56,263,20,48,196,51,0,0,96,208,576,634,620,282,3068,147,1600,24,250,7937,97,200,22,179,433,33,19,161,1219,492
Bury,177700,169065,31,13,165,77,120,2272,174,86,1464,63,26,89,42,32,149,37,6,6,82,42,291,99,410,295,1575,65,1205,39,143,153,32,33,35,86,243,8,17,113,264,14
Manchester,480738,400886,222,103,2351,1458,1869,14768,753,936,6447,685,720,676,381,1588,559,220,34,5,844,560,7037,1886,2660,1147,13095,601,4719,214,3114,490,409,849,140,543,5878,198,367,389,7296,2958
Oldham,215121,192530,8,17,180,201,69,1662,134,109,873,102,19,68,9,15,109,16,1,0,59,34,138,205,135,627,4338,33,3910,252,8501,415,39,68,1,310,210,6,1,76,513,68
Rochdale,202809,185933,17,31,229,386,67,2627,152,66,1905,61,28,115,4,28,119,8,1,0,74,41,216,268,121,120,4662,46,2407,1405,2006,55,43,110,34,512,256,4,5,81,464,13
Salford,223912,207827,44,32,841,785,328,6006,274,228,3526,359,174,159,247,213,177,71,464,464,262,119,1047,130,380,62,524,144,207,8,291,154,135,185,33,58,990,45,24,248,1134,94
Stockport,272921,264449,64,14,198,131,230,1858,192,181,909,56,60,23,59,84,134,40,0,0,77,112,444,106,694,46,1314,121,497,18,270,295,49,105,6,55,383,45,28,212,144,2
Tameside,210429,200636,20,22,146,110,110,2264,240,63,1617,39,65,17,19,22,93,40,0,0,37,41,102,33,89,39,1323,48,695,18,2116,1136,9,63,21,43,295,10,0,91,310,4
Trafford,217713,205649,73,19,338,142,279,3145,180,233,1685,170,96,46,72,142,147,62,2,1,135,130,753,112,393,59,1601,184,848,13,200,903,106,151,19,99,588,64,59,117,493,217
Wigan,305976,300221,32,13,202,96,88,2505,62,82,1209,249,67,362,19,27,48,18,0,0,95,127,310,183,152,7,212,23,101,0,55,113,89,98,0,21,250,15,2,88,255,6
Burnley,83508,78658,5,8,31,31,12,563,59,26,267,21,12,38,5,19,27,11,0,0,27,29,42,43,8,570,731,9,1069,31,1057,40,13,16,0,34,59,14,8,161,24,0
Chorley,103420,101732,18,11,39,29,49,708,48,36,417,21,40,21,6,7,18,6,0,0,29,20,60,7,7,7,110,19,51,5,64,98,14,21,2,8,57,2,0,20,30,1
Fylde,73622,72344,12,5,21,13,64,591,68,86,236,14,7,6,17,2,14,2,0,0,121,16,28,3,9,1,32,12,9,0,8,8,20,10,8,10,60,8,1,29,20,0
Hyndburn,77442,72890,10,27,17,12,24,932,72,17,767,6,11,13,5,4,10,4,2,2,18,17,49,5,16,17,1002,7,1838,93,119,17,4,24,0,24,76,17,0,21,22,0
Lancaster,133986,128364,33,12,156,72,145,2810,87,215,1693,24,44,87,109,318,113,11,4,0,111,65,116,14,27,24,68,64,31,2,98,157,28,32,10,27,759,13,32,56,74,0
Pendle,85498,78195,0,14,31,23,27,1363,40,38,773,26,20,330,4,5,15,6,0,0,65,31,15,28,21,28,1353,18,3788,70,66,24,3,0,7,19,72,5,0,8,23,0
Preston,134521,120819,29,28,92,98,95,3497,152,94,2426,55,100,78,23,121,72,47,0,0,118,34,490,109,147,134,1030,168,880,20,180,4311,98,257,24,94,753,17,6,70,147,20
Ribble Valley,55488,54721,7,1,40,4,63,358,43,47,201,9,2,8,2,6,9,0,0,0,17,7,8,0,0,0,40,8,36,0,15,3,7,1,0,1,42,5,4,15,21,0
Rossendale,65362,63686,10,4,19,7,10,287,35,21,128,8,4,5,1,1,9,0,0,0,7,15,13,2,3,98,170,10,101,14,583,16,2,14,0,64,53,4,0,30,13,0
South Ribble,105266,103774,11,7,24,18,40,702,62,42,388,12,20,14,6,13,10,5,0,0,34,23,45,0,12,0,34,8,31,0,10,103,7,7,2,9,72,4,2,53,9,0
West Lancashire,107192,105051,17,2,24,269,42,1318,28,41,546,118,7,37,8,13,11,1,0,0,69,12,33,6,10,0,17,14,29,0,7,14,15,14,0,4,37,6,0,36,27,1
Wyre,104824,103480,17,5,32,9,44,502,38,99,133,17,10,4,139,14,21,2,0,0,30,24,32,7,8,1,27,31,3,1,40,10,19,4,5,11,191,17,2,53,14,0
Knowsley,140431,139116,18,7,23,13,42,428,27,45,230,20,4,29,11,16,11,2,0,0,19,70,40,6,16,2,27,12,22,0,10,4,57,77,0,4,89,2,0,94,31,0
Liverpool,450439,422074,359,64,927,408,772,6970,372,456,3360,453,217,425,99,444,309,112,1,0,360,336,3689,988,554,183,561,330,209,0,564,82,460,666,83,84,4024,62,50,352,2350,1068
Sefton,265010,259820,54,12,101,318,201,2668,89,125,1579,62,83,190,35,54,56,23,0,0,106,141,158,63,23,2,32,27,30,0,142,19,87,65,0,6,274,15,1,92,89,0
St. Helens,169044,167034,23,6,40,16,57,879,48,32,387,192,19,25,17,18,10,2,1,1,20,56,80,8,16,0,31,24,21,0,77,14,94,27,1,10,117,2,3,95,26,0
Wirral,308781,303789,146,7,126,62,144,1583,83,175,816,47,77,31,25,79,36,8,0,0,85,91,142,35,40,7,73,41,52,0,477,22,158,158,7,33,440,25,8,200,84,0
East Riding of Yorkshire,324485,319119,17,11,124,208,153,2741,107,189,1369,41,41,188,44,28,59,10,0,0,329,108,185,26,53,8,126,48,49,0,42,12,61,32,64,33,233,23,6,133,76,0
"Kingston upon Hull, City of",245742,229829,16,23,220,394,229,7720,101,165,4800,418,164,733,67,191,115,40,0,0,747,378,1083,829,254,80,269,55,142,4,345,38,70,93,14,37,1117,18,18,156,597,19
North East Lincolnshire,153508,149928,5,14,56,31,58,1737,17,67,1124,22,32,68,65,20,82,31,0,0,116,54,150,119,77,6,63,17,58,0,148,6,75,29,25,20,260,4,1,47,83,2
North Lincolnshire,161339,154455,14,10,45,278,58,3942,113,52,2551,172,16,800,1,19,30,0,0,0,66,78,86,126,3,83,228,37,228,0,676,12,81,58,1,32,222,3,2,47,122,40
York,191644,182213,28,16,264,153,330,3589,253,407,1577,109,136,138,102,231,139,8,2,1,206,313,320,30,48,22,115,82,27,0,159,15,88,127,364,62,1365,107,168,144,205,2
Craven,53932,53004,6,0,40,11,23,437,28,39,241,11,7,3,17,4,4,0,0,0,7,4,13,1,0,19,80,1,48,9,9,4,5,13,7,5,30,3,1,61,13,0
Hambleton,86605,85413,21,1,50,12,28,667,11,57,353,54,26,18,5,1,13,1,0,0,59,18,22,1,5,0,26,3,0,0,11,0,6,53,8,4,27,6,0,28,39,0
Harrogate,152719,147599,24,10,196,82,176,2615,112,126,1340,122,63,178,66,22,128,65,0,0,232,47,89,1,44,1,35,20,12,0,31,7,20,98,74,8,391,30,4,233,168,0
Richmondshire,50193,48511,13,6,36,12,18,350,5,61,183,16,4,18,7,4,22,1,0,0,17,14,18,1,0,0,9,6,5,0,18,0,4,11,819,4,14,4,0,29,85,0
Ryedale,50336,49534,3,3,61,30,60,398,25,36,200,38,13,6,0,5,5,1,0,0,23,15,7,1,3,2,0,0,0,0,1,0,3,4,21,1,38,8,0,26,19,0
Scarborough,105596,103118,10,3,46,20,57,1320,44,90,770,48,56,46,18,26,23,2,0,0,76,94,79,7,42,2,21,19,0,0,60,4,29,62,4,7,122,11,8,108,41,0
Selby,80609,78927,5,2,33,20,31,1211,33,47,917,59,14,24,18,4,23,3,0,0,59,15,4,4,0,1,3,11,8,0,2,6,2,11,6,3,47,4,0,28,42,0
Barnsley,222832,218665,11,10,97,98,53,2123,14,58,1481,19,34,105,15,19,112,95,0,0,152,76,122,51,125,14,93,20,62,1,31,20,58,11,17,14,161,26,5,35,253,12
Doncaster,290756,278867,18,16,132,98,117,6160,76,111,4595,334,88,292,35,37,111,76,0,0,287,495,210,508,278,116,746,42,437,26,57,28,127,27,277,46,318,0,1,62,297,12
Rotherham,247864,239373,11,23,191,63,63,2664,42,74,874,857,32,246,11,29,68,53,0,0,129,81,542,202,213,145,1216,52,1114,340,42,20,75,39,2,57,146,6,10,48,434,10
Sheffield,532164,490407,67,18,922,499,808,7176,358,478,2611,1244,284,309,166,497,349,194,0,0,511,566,5043,960,1017,807,4222,404,2743,287,1515,222,308,303,39,309,4439,171,175,277,4346,2074
Bradford,497608,424527,22,33,443,133,213,11729,564,265,5526,2162,253,436,73,382,423,66,3,0,690,86,2398,1275,592,3580,16550,308,19842,1048,4743,2638,140,143,68,1638,897,52,32,640,1170,24
Calderdale,196024,186166,11,21,86,22,66,2609,116,94,1433,293,41,60,8,28,113,13,0,0,111,41,100,85,97,56,1620,44,3445,106,260,55,63,29,5,37,115,15,2,126,127,16
Kirklees,405352,370572,27,35,305,104,147,4552,247,157,2912,108,103,200,42,151,278,32,1,0,153,75,1184,935,355,330,6685,145,9706,517,291,5897,78,60,33,453,587,35,19,179,675,35
Leeds,721871,670650,86,77,1724,1260,851,12575,690,681,6717,558,313,842,99,726,534,268,4,2,737,238,3393,1772,1623,646,4989,705,4537,529,1955,760,319,243,106,271,2337,145,89,682,4587,593
Wakefield,314012,302988,25,21,150,135,107,5701,59,94,4194,123,43,344,26,21,99,43,1,0,230,56,266,268,142,94,809,67,889,37,36,91,56,76,11,71,234,13,9,191,531,1
Derby,238011,215389,12,25,354,157,172,6795,234,200,3267,988,40,272,59,151,486,120,0,0,435,100,636,953,265,248,3510,208,4287,437,285,147,120,201,84,113,416,139,23,289,771,88
Leicester,315011,228295,27,33,849,1750,349,10189,367,277,6192,878,249,322,82,546,519,173,1,0,380,584,2516,1520,1021,415,3376,1095,7560,20,1808,36347,1498,405,133,3059,2298,68,36,496,5760,3331
Nottingham,293385,256411,36,38,858,820,557,10534,556,445,6548,267,276,461,188,687,395,142,2,1,288,523,2295,899,915,210,4089,460,2453,694,485,464,246,294,206,216,3212,87,124,399,2262,230
Rutland,36309,35654,10,3,39,22,33,274,15,75,90,9,3,11,9,4,17,0,0,0,22,10,0,0,4,1,6,1,6,1,1,8,4,2,8,0,48,3,3,12,28,0
Amber Valley,118478,117117,16,3,45,7,38,746,23,53,492,4,10,22,2,21,17,8,0,0,36,27,9,2,5,1,11,11,29,0,4,7,21,33,1,3,38,10,0,60,46,0
Bolsover,73342,72169,2,5,24,8,14,772,28,22,596,25,15,13,3,16,8,4,0,0,15,21,6,2,1,1,11,2,31,0,0,17,11,8,11,2,41,3,0,26,39,1
Chesterfield,100281,98679,8,4,36,16,40,623,92,57,271,54,19,34,6,17,20,3,0,0,26,40,44,11,21,4,84,23,59,6,57,14,25,26,0,10,128,1,2,30,69,0
Derbyshire Dales,69377,68658,15,0,40,12,32,390,16,51,217,6,9,4,7,9,4,2,0,0,23,11,5,1,2,0,8,3,8,0,1,2,5,6,5,3,30,6,2,10,27,0
Erewash,108095,106600,9,5,41,26,39,710,28,50,444,45,3,15,12,17,19,2,0,0,34,26,26,0,4,1,13,11,104,0,10,43,8,39,3,0,79,10,3,24,33,0
High Peak,87942,86869,14,1,57,19,52,519,33,45,306,12,4,3,13,16,12,2,0,0,28,11,19,0,11,0,16,7,3,0,0,9,2,6,8,1,59,8,4,38,26,0
North East Derbyshire,96211,95384,8,2,29,5,29,278,20,38,135,9,16,13,6,15,7,0,0,0,12,24,21,4,5,0,12,6,30,0,19,8,20,66,2,2,48,3,0,24,48,0
South Derbyshire,91212,89697,41,5,53,11,40,479,21,64,239,11,11,8,9,12,28,16,0,0,38,22,21,10,4,1,27,11,394,0,1,26,7,26,9,3,53,14,0,22,38,1
Blaby,90725,87684,12,4,53,31,41,733,53,41,435,27,10,49,6,29,42,1,0,0,26,72,54,2,26,15,46,56,637,0,8,705,23,16,3,12,58,13,0,9,89,0
Charnwood,160599,150341,23,9,151,119,186,1930,209,172,940,50,62,72,58,116,72,31,2,0,161,63,336,36,97,43,125,134,487,3,982,2834,134,38,5,69,1024,20,54,154,150,6
Harborough,82729,81076,9,2,48,40,46,583,36,45,230,38,7,14,41,27,26,5,0,0,30,16,18,12,4,4,39,25,126,0,24,228,15,12,0,6,96,11,4,35,38,1
Hinckley and Bosworth,101652,99973,19,3,38,29,34,628,22,31,296,21,40,16,13,31,17,9,0,0,26,35,35,3,10,1,29,39,112,0,36,140,61,15,14,18,72,5,2,21,27,0
Melton,48713,47663,5,3,41,28,14,709,27,24,582,7,3,11,3,9,5,0,0,0,13,9,4,0,2,0,1,3,16,0,0,58,9,5,5,3,29,0,0,8,8,0
North West Leicestershire,90276,88684,12,2,48,26,39,868,21,34,535,65,44,15,11,10,17,3,0,0,23,24,12,9,1,0,2,16,29,0,10,47,10,21,23,9,52,9,0,91,20,0
Oadby and Wigston,54445,49874,4,2,44,25,36,401,17,58,201,19,9,6,11,27,58,9,1,0,25,27,135,1,23,14,227,99,1224,4,38,1597,50,36,5,150,108,2,8,16,50,0
Boston,62243,54019,9,0,18,656,24,6144,14,46,3006,44,80,1715,21,13,12,1,0,0,738,44,56,17,2,3,61,14,14,0,46,19,9,72,7,11,34,1,0,40,38,2
East Lindsey,132634,130736,12,5,42,42,34,1194,37,66,637,20,46,110,15,9,28,5,0,0,49,37,29,6,3,0,25,13,8,0,49,14,9,27,0,2,72,11,1,35,16,0
Lincoln,90086,84613,9,18,114,184,118,3447,67,110,2223,91,33,412,40,38,42,9,3,3,255,41,128,80,114,8,49,35,12,0,73,9,72,53,21,10,180,12,2,53,95,0
North Kesteven,104445,102800,20,10,41,40,41,946,29,91,435,6,34,162,11,14,12,4,1,0,59,24,30,3,7,4,11,5,8,0,39,17,22,6,6,3,74,6,1,44,24,0
South Holland,85509,79362,6,2,32,395,60,4906,29,39,2755,107,44,1153,12,14,16,1,0,0,291,16,5,16,5,0,5,3,14,0,20,17,11,37,15,2,59,5,1,47,49,0
South Kesteven,129454,125275,13,5,90,359,67,2496,48,87,1287,112,65,360,18,37,59,4,0,0,128,25,29,8,8,1,34,16,14,0,26,26,52,49,46,13,138,14,18,120,68,0
West Lindsey,86657,85690,9,4,38,21,31,457,29,42,156,4,23,68,9,13,13,3,0,0,30,18,18,0,4,0,10,3,14,0,0,14,18,38,8,5,46,4,2,29,36,0
Corby,58466,52969,6,33,39,301,35,3794,21,28,2208,366,191,219,17,5,381,14,1,1,269,47,22,12,9,0,7,17,48,0,62,34,13,11,14,2,33,0,0,25,169,0
Daventry,75316,73431,16,11,51,40,36,1138,20,65,726,81,60,19,3,9,24,13,0,0,33,17,3,15,6,3,33,22,42,0,10,51,23,50,6,4,43,6,0,40,39,1
East Northamptonshire,83709,82070,12,1,61,55,51,826,81,50,443,39,42,37,12,10,26,5,0,0,35,35,33,5,4,2,13,6,33,0,4,45,11,54,0,1,68,13,4,34,71,0
Kettering,89712,85698,10,7,81,49,44,2095,206,66,1154,161,64,135,26,9,31,12,0,0,94,39,55,7,26,11,59,41,346,0,50,134,70,129,0,18,83,7,0,118,207,5
Northampton,202299,181913,19,19,264,290,224,9429,293,222,5406,214,989,925,58,78,383,257,6,2,743,173,292,95,134,112,558,207,417,2,1629,827,221,384,67,72,787,35,16,130,1961,647
South Northamptonshire,82449,81357,11,6,85,34,54,450,29,49,154,21,21,17,20,6,18,10,0,0,31,24,10,2,14,0,17,11,26,0,24,51,14,3,1,6,35,11,4,18,39,3
Wellingborough,72293,66812,5,2,61,53,48,2770,57,54,2050,62,88,76,28,12,51,31,0,0,72,82,41,16,7,6,90,24,91,0,257,1259,47,25,2,11,46,7,16,33,188,1
Ashfield,114970,113206,6,16,37,16,21,1013,13,37,655,51,22,56,20,21,15,6,0,0,31,51,18,9,6,0,25,13,55,0,22,7,58,41,8,1,62,2,0,32,56,0
Bassetlaw,109220,106343,6,8,43,25,42,1942,49,35,1660,24,32,33,10,19,25,7,0,0,41,56,54,44,14,1,41,22,35,3,35,5,27,65,4,15,64,11,2,13,59,1
Broxtowe,105758,101456,20,2,110,49,127,1448,115,153,406,135,48,83,59,80,49,12,0,0,85,56,341,19,63,9,175,51,296,15,30,91,48,18,41,24,515,33,32,30,75,0
Gedling,109705,107263,3,5,76,44,59,900,111,43,549,13,20,35,10,29,51,19,0,0,30,51,57,4,48,23,156,46,260,12,22,48,29,34,2,20,111,8,6,40,65,1
Mansfield,100496,96776,12,10,21,15,26,2731,10,23,1965,57,17,86,8,24,35,11,0,0,128,55,26,22,5,7,32,9,61,0,89,49,31,36,2,7,43,5,2,22,31,1
Newark and Sherwood,111091,108334,14,11,96,48,64,1850,25,55,1131,21,39,398,3,10,20,9,0,0,119,27,30,5,13,4,32,5,38,0,29,16,16,28,6,5,60,25,2,18,20,0
Rushcliffe,107458,104706,34,3,109,40,125,797,68,140,277,19,13,28,19,65,51,5,0,0,41,23,76,8,100,11,180,76,261,25,22,98,49,45,3,25,152,32,4,50,51,7
"Herefordshire, County of",177688,171106,84,7,90,267,75,4858,32,114,2893,285,163,553,175,13,70,6,8,0,202,32,61,6,7,1,32,20,20,1,17,1,21,103,63,7,91,22,1,129,53,1
Shropshire,296805,290668,396,7,197,145,137,3105,104,211,1575,192,105,75,385,41,70,16,0,0,138,75,154,11,18,7,52,31,69,0,84,8,25,43,27,17,351,41,10,249,83,2
Stoke-on-Trent,238572,224555,40,16,219,178,85,3167,183,91,1703,295,76,95,60,99,83,27,0,0,137,247,434,851,287,193,2403,107,1423,208,477,66,241,202,24,94,492,10,4,512,687,29
Telford and Wrekin,159787,153163,79,4,73,82,61,2980,26,112,2147,154,59,103,21,24,59,8,2,0,121,67,92,24,14,11,533,40,934,86,67,120,41,50,14,37,240,123,4,81,218,6
Cannock Chase,93942,92954,12,6,31,19,12,388,31,18,240,10,18,17,7,7,21,2,0,0,19,29,6,6,1,2,12,4,90,0,15,11,7,3,4,4,89,4,0,17,25,0
East Staffordshire,109290,102582,20,7,54,29,39,2976,26,66,1966,167,22,120,23,14,23,12,0,0,285,32,110,250,146,11,1023,45,891,45,56,25,31,101,12,16,109,18,3,82,54,2
Lichfield,97565,96108,18,2,54,17,55,727,18,43,393,32,10,47,20,13,12,2,0,0,27,24,14,13,6,3,34,5,96,3,31,24,8,8,8,0,66,35,0,11,27,4
Newcastle-under-Lyme,120135,116993,31,6,73,56,41,799,42,53,472,64,19,11,7,47,21,3,0,0,63,214,56,37,65,32,104,47,56,3,81,20,66,48,0,13,515,34,3,84,76,4
South Staffordshire,105328,104334,18,4,27,22,31,244,20,32,93,10,5,12,5,18,11,4,0,0,21,10,18,4,9,7,16,11,223,4,12,15,13,7,4,16,53,3,0,14,26,1
Stafford,126787,123381,20,8,144,74,94,1133,26,57,672,51,86,32,32,48,28,5,0,0,43,32,169,5,48,16,122,62,158,0,58,32,69,78,305,27,174,10,2,38,83,1
Staffordshire Moorlands,94320,93499,5,4,19,14,25,426,34,24,243,26,34,9,7,7,13,1,0,0,17,14,12,2,6,3,27,1,14,0,2,9,22,36,0,0,33,3,1,10,11,1
Tamworth,73724,72434,10,3,22,28,31,799,10,24,560,67,5,38,6,11,4,4,0,0,26,21,22,3,4,2,12,1,38,0,8,42,6,6,0,4,37,5,0,12,25,0
North Warwickshire,60050,59425,1,2,20,11,16,336,16,18,231,5,13,4,6,7,9,4,0,0,7,9,4,0,1,0,2,6,49,2,7,23,7,5,10,2,25,0,0,7,12,0
Nuneaton and Bedworth,120404,115384,7,8,50,32,40,1401,56,41,1097,34,14,10,17,15,30,11,0,0,67,27,45,18,34,25,206,66,983,0,31,803,76,88,561,41,81,0,4,25,96,0
Rugby,96320,89825,22,7,133,401,105,3344,55,78,2253,301,81,48,20,24,26,13,0,0,131,51,54,10,20,5,139,42,229,1,105,522,111,27,320,16,128,15,10,59,212,0
Stratford-on-Avon,117087,114152,37,8,147,41,90,1715,82,100,1073,44,82,56,41,24,27,5,0,0,58,37,37,2,21,6,6,22,42,0,4,9,12,20,12,2,197,41,29,80,50,0
Warwick,132826,125010,19,6,366,466,332,2368,269,306,960,54,72,44,62,162,71,11,0,0,129,167,120,24,65,35,87,111,1806,0,51,48,73,94,8,38,472,79,38,97,109,1
Birmingham,1023386,866833,141,95,2558,1127,960,17472,708,1009,8952,886,1233,655,531,798,910,364,19,1,879,380,6921,2716,3031,6123,29403,1540,21166,10827,14718,4871,999,704,209,1970,5753,173,430,1186,13008,8139
Coventry,303130,261117,42,35,1340,336,276,10645,317,395,6161,497,883,352,328,313,558,190,3,0,597,253,1821,895,925,307,2479,784,6849,210,1391,2523,1445,465,29,194,1914,67,112,316,3269,746
Dudley,301573,291886,34,3,202,87,100,1392,97,91,717,37,53,75,23,71,78,49,4,0,96,46,662,139,151,130,2423,94,1648,357,143,362,65,50,17,65,244,29,8,111,339,12
Sandwell,294251,258951,18,12,423,148,104,7693,184,90,5601,464,151,373,52,47,239,154,0,0,470,128,524,578,485,355,3347,380,12524,806,3098,938,238,88,92,107,212,17,2,238,1241,402
Solihull,199863,194058,40,4,211,68,124,1032,81,97,438,27,56,11,28,74,55,21,0,0,58,63,232,25,124,66,557,171,848,37,215,618,152,27,5,64,230,47,31,56,200,19
Walsall,258245,239250,23,7,183,110,69,2589,74,53,1560,385,42,79,14,77,50,28,0,0,60,38,156,230,258,129,3331,189,4912,985,1942,1638,109,126,22,112,198,9,1,136,590,55
Wolverhampton,239252,213220,24,10,325,183,78,5108,231,140,2458,192,93,816,48,314,162,71,2,2,324,77,353,1386,540,183,990,303,11055,97,170,938,298,177,241,78,524,7,1,329,1106,115
Bromsgrove,90861,89668,24,1,41,15,22,335,25,75,113,15,15,7,16,18,21,3,0,0,66,33,31,5,6,2,31,19,125,0,7,23,11,25,13,5,135,13,1,14,28,2
Malvern Hills,72703,71318,20,1,74,21,50,562,32,167,195,36,26,10,6,18,10,2,1,0,64,6,9,1,19,0,12,8,18,0,22,11,5,46,6,1,159,12,11,33,11,0
Redditch,80856,76513,8,1,26,23,29,2537,27,41,1881,280,17,75,18,13,17,10,0,0,29,9,40,18,15,15,639,38,302,56,77,60,14,102,4,11,53,8,2,45,29,0
Worcester,94857,90071,30,3,69,407,67,2097,125,93,1212,87,99,107,50,35,52,19,2,0,91,48,40,79,21,4,349,21,345,39,182,5,35,168,15,19,172,44,1,121,53,0
Wychavon,113588,110322,28,1,62,58,36,2359,103,67,1584,98,49,134,99,19,34,6,1,0,60,27,13,31,7,1,23,9,63,0,51,14,4,52,2,3,52,25,4,98,36,0
Wyre Forest,94819,93100,14,4,33,26,26,891,83,33,522,40,14,30,12,21,31,2,2,0,37,18,7,5,4,0,20,3,32,0,262,13,8,8,3,3,34,6,1,81,16,2
Bedford,151285,134544,18,13,292,256,230,7024,1470,172,3841,94,198,628,53,53,379,92,0,0,232,93,231,62,322,218,835,143,2449,24,1691,141,150,142,8,90,339,14,24,162,619,11
Central Bedfordshire,244806,237375,26,12,375,170,350,3036,449,201,1417,95,147,101,80,87,101,44,0,0,119,130,196,36,49,18,112,107,213,1,80,264,201,47,27,18,378,54,21,209,414,2
Luton,193195,153463,9,38,439,397,209,10843,342,199,8006,352,340,698,92,140,328,234,9,2,324,273,1037,85,165,293,8567,484,2203,122,6337,1714,653,316,52,816,611,13,5,524,1702,288
Peterborough,175077,146880,9,20,166,2118,169,14085,694,118,6701,921,94,3536,121,45,180,57,0,0,546,131,379,719,442,414,2412,117,2529,277,140,824,134,215,148,216,256,26,10,201,580,14
Southend-on-Sea,166899,158314,12,13,246,296,202,3115,197,170,1475,222,164,148,39,67,330,229,1,0,218,148,146,79,98,15,273,60,119,0,452,240,187,221,20,25,300,31,6,332,803,5
Thurrock,150466,141477,9,7,174,269,170,3981,107,80,2133,380,259,602,92,26,370,266,4,0,130,173,98,22,136,31,194,36,380,0,330,114,168,58,388,15,224,9,2,99,893,2
Cambridge,119658,99062,42,23,1122,575,1316,8207,1103,1485,2280,215,260,423,232,514,390,64,1,0,645,375,685,56,261,43,219,171,68,0,1099,159,181,311,61,56,1860,319,257,422,258,5
East Cambridgeshire,80456,77308,8,6,128,298,114,1753,66,90,967,32,22,345,27,14,22,4,0,0,104,54,43,6,5,6,31,10,44,0,36,14,13,18,1,4,95,33,10,76,65,0
Fenland,92135,86707,9,0,31,324,26,4009,41,51,1649,76,16,1540,34,19,21,10,0,0,386,48,9,16,6,2,14,4,23,4,30,36,33,35,1,2,71,5,0,88,69,12
Huntingdonshire,163419,157024,22,7,160,290,141,3441,184,155,2036,84,90,352,37,44,65,14,1,0,123,100,69,18,24,1,175,44,208,0,178,77,49,88,48,14,180,23,9,270,175,6
South Cambridgeshire,143226,136429,21,6,380,164,338,2730,229,338,924,76,110,255,72,82,119,12,0,0,218,112,164,6,82,1,112,94,57,0,92,84,85,298,66,52,359,123,39,273,234,0
Basildon,167632,163006,18,4,166,81,147,1281,80,98,501,124,83,148,30,35,79,50,1,0,104,167,100,5,44,4,131,70,73,0,150,132,118,295,44,14,159,19,10,258,511,0
Braintree,141363,137792,5,5,102,168,119,1937,86,78,1304,46,50,98,20,24,36,13,0,0,76,92,33,2,10,0,32,21,31,0,99,46,51,25,27,5,100,17,2,178,90,0
Brentwood,71293,69266,8,7,107,53,106,657,81,99,208,31,40,27,36,20,37,9,0,0,50,49,48,0,17,0,27,26,25,0,93,57,92,40,0,3,75,17,7,85,117,0
Castle Point,85553,84711,2,2,39,46,33,208,24,25,41,2,27,9,5,14,7,5,0,0,12,69,24,0,11,0,12,6,4,0,46,44,14,3,0,0,45,3,0,23,38,0
Chelmsford,162290,157386,16,5,191,146,187,1650,173,163,642,90,120,64,43,54,88,19,3,0,119,116,190,10,55,8,202,90,49,0,253,100,122,108,20,36,215,49,12,98,274,5
Colchester,166587,156901,9,15,336,179,322,3396,154,293,1124,69,339,356,159,389,239,65,0,0,201,171,854,75,158,10,118,64,26,1,188,62,140,78,439,27,863,79,25,390,297,1
Epping Forest,120214,115796,13,10,157,134,147,1577,238,105,467,32,126,222,101,73,118,43,0,0,116,289,74,5,55,10,163,65,328,1,107,157,65,34,2,8,136,22,2,76,235,1
Harlow,78289,73522,7,2,111,88,70,1917,115,81,938,96,110,149,40,35,60,33,1,0,107,119,114,3,40,18,196,73,79,1,218,74,59,116,45,29,192,11,4,182,440,0
Maldon,59844,59168,5,1,39,32,26,265,9,39,119,0,26,6,4,10,15,4,1,0,18,23,4,6,2,0,2,2,5,0,49,7,10,14,1,3,26,4,2,30,15,0
Rochford,80711,79910,4,0,32,24,47,218,24,33,60,7,18,9,6,9,20,10,0,0,12,25,23,1,12,0,11,6,1,0,33,46,22,7,13,0,42,4,1,40,48,7
Tendring,133981,132106,5,3,75,19,65,858,43,88,436,12,39,14,37,30,24,9,0,0,44,50,24,12,5,0,7,3,10,0,44,30,42,70,13,3,106,5,0,92,50,0
Uttlesford,76779,74596,8,1,111,122,108,1059,71,125,458,38,64,18,29,12,17,1,0,0,56,54,24,2,9,0,8,9,6,0,87,21,30,8,74,4,81,18,3,76,67,0
Broxbourne,89901,84433,7,6,122,81,106,3005,1036,48,1103,42,83,262,67,186,107,47,0,0,73,864,74,42,73,0,26,15,15,0,67,92,53,7,7,6,58,17,0,35,274,2
Dacorum,138804,133127,17,9,217,193,176,1781,181,137,712,58,185,57,43,20,69,39,0,0,106,100,100,11,88,10,554,93,168,10,118,223,195,108,58,44,172,38,24,136,378,5
East Hertfordshire,132686,128337,12,3,231,376,227,2066,249,221,828,105,81,64,57,47,102,27,0,0,113,51,68,1,25,1,50,30,36,0,130,54,50,42,4,8,110,35,14,92,109,0
Hertsmere,96028,88855,11,7,192,278,207,2673,229,106,844,162,565,117,83,134,260,137,5,0,88,231,103,74,176,28,111,82,37,0,107,656,205,42,47,26,166,51,31,285,430,3
North Hertfordshire,122243,117204,15,10,299,83,132,1637,301,154,640,46,32,82,21,33,60,27,0,0,58,71,74,9,46,2,107,84,858,1,217,108,132,23,19,11,191,34,16,158,185,0
St Albans,134510,127012,27,6,427,240,365,2445,450,277,819,111,75,45,58,79,126,31,0,0,120,108,235,2,59,7,284,61,96,2,1248,154,149,19,5,65,241,78,19,149,296,10
Stevenage,80361,75839,5,6,136,75,117,1404,66,64,758,88,76,58,30,38,64,42,0,0,98,64,95,11,74,9,179,62,93,0,285,189,124,144,3,21,164,20,3,398,296,1
Three Rivers,84079,79673,15,1,168,452,119,1167,93,134,349,46,155,77,45,35,95,38,0,0,94,57,64,17,68,3,128,100,84,8,65,824,106,21,18,29,123,60,24,74,121,5
Watford,86156,74518,9,5,312,631,234,3408,368,107,1683,149,367,91,158,32,157,70,1,0,103,88,184,33,150,33,1656,189,340,35,172,596,809,167,134,150,214,41,33,348,712,64
Welwyn Hatfield,106408,97299,9,7,196,199,160,3253,150,154,1909,149,175,121,48,140,159,59,0,0,148,135,396,15,181,36,247,205,64,0,265,391,158,73,37,72,887,57,13,221,581,6
Breckland,125983,119839,10,11,40,1625,76,3491,24,81,2066,61,42,752,13,12,32,11,0,0,186,67,4,10,2,0,13,8,32,0,40,13,28,82,12,3,57,4,1,69,54,0
Broadland,121087,119411,6,9,53,69,63,646,45,70,191,14,50,83,28,8,32,8,0,0,40,26,52,0,20,0,12,16,13,0,54,20,40,48,4,4,77,12,2,98,44,2
Great Yarmouth,93925,90128,4,4,33,1155,43,1583,22,42,510,99,25,615,7,49,49,29,2,0,105,57,59,48,14,5,26,25,1,0,10,7,42,95,0,25,55,5,0,81,36,0
King`s Lynn and West Norfolk,142670,136960,9,9,53,531,85,3325,27,118,815,118,35,1622,46,23,46,14,1,0,686,78,47,12,9,5,39,17,22,0,22,23,63,118,10,5,77,7,5,116,61,0
North Norfolk,98880,97517,6,11,41,53,27,812,19,106,348,10,28,129,32,9,26,5,0,0,49,19,8,4,2,0,1,5,8,0,36,0,4,21,9,0,41,1,0,59,24,1
Norwich,127320,117260,13,14,296,421,355,3823,177,268,1480,91,169,558,93,145,174,97,0,0,230,162,585,95,71,40,82,120,33,0,304,29,129,158,60,49,1061,84,33,310,497,13
South Norfolk,119894,117904,9,7,75,70,71,978,51,126,445,18,38,41,36,17,29,3,0,0,31,58,43,9,6,1,15,21,12,0,35,14,25,34,4,4,97,14,5,52,75,0
Babergh,85184,83890,11,4,73,39,56,572,24,56,298,33,20,17,4,4,19,6,1,1,40,49,9,10,10,0,4,8,0,0,39,5,12,39,3,2,54,9,6,73,45,0
Forest Heath,57155,54020,11,1,77,345,111,1842,49,67,1160,71,53,185,16,25,61,9,0,0,55,29,10,0,10,11,66,70,6,1,44,7,12,11,11,1,23,29,17,95,61,0
Ipswich,127615,117903,3,10,157,893,130,4200,147,113,2276,136,192,730,55,34,170,102,0,0,291,230,131,682,112,36,102,122,54,0,695,56,145,157,10,31,224,12,1,258,191,4
Mid Suffolk,93610,92497,13,3,61,42,35,498,21,74,184,13,27,47,2,5,6,0,3,0,42,27,10,8,1,2,4,8,2,0,11,4,4,32,33,1,31,13,1,30,46,0
St Edmundsbury,106968,103202,10,9,101,401,119,1947,37,78,1206,70,66,151,70,25,42,24,0,0,122,68,48,16,12,5,39,24,13,0,47,26,26,130,27,6,87,13,7,158,71,3
Suffolk Coastal,120659,118221,12,1,88,68,78,1030,52,111,334,25,84,106,26,23,25,2,1,0,49,42,39,5,26,9,25,37,26,0,64,30,54,123,8,16,139,22,17,75,84,0
Waveney,111508,109762,5,11,47,318,50,650,35,52,304,11,79,39,30,11,19,10,0,0,30,78,5,7,5,3,23,14,7,0,46,10,28,12,0,0,126,3,2,45,43,1
Camden,212089,162326,58,54,4225,2004,3107,11873,2626,2193,1944,185,289,172,244,1714,2847,2043,4,1,1147,708,2171,338,1265,308,358,194,43,0,6449,260,76,40,129,149,1761,1609,523,1012,4206,2545
City of London,7212,5976,4,0,155,47,127,393,80,86,29,3,8,13,14,58,33,8,0,0,42,13,25,3,11,2,0,11,0,0,115,9,9,0,0,4,48,45,17,20,30,1
Hackney,234331,177886,56,55,3235,2739,3489,11797,2046,1705,3944,162,408,402,335,662,919,407,2997,2993,482,10551,1201,946,354,167,734,95,741,3,3003,1909,84,36,38,55,875,540,196,310,5464,1119
Hammersmith and Fulham,174921,135236,41,67,5406,2227,3346,10267,2473,1149,2719,245,323,285,265,628,1459,700,13,0,753,559,3379,335,1460,170,450,133,124,2,488,222,89,45,64,75,720,440,120,1325,4005,2296
Haringey,243770,171334,53,75,2898,3093,3863,26086,2489,1161,10504,487,2052,789,2393,3015,1833,1361,412,407,948,11994,1570,1660,728,232,653,245,300,2,2287,994,247,52,86,105,1179,531,91,623,6797,2948
Islington,198429,159026,59,57,3143,1655,3435,10094,2464,1549,1456,182,256,187,265,1760,1274,742,7,7,660,4194,1439,543,570,93,228,139,81,0,2315,256,111,16,63,69,1323,557,221,406,4378,2197
Kensington and Chelsea,153015,110239,31,16,7470,2091,4150,11386,3733,2072,934,103,176,148,208,1067,1356,480,10,0,1363,698,4447,346,1364,18,251,112,30,1,390,74,39,21,88,78,963,873,147,1387,1597,572
Lambeth,290080,231326,82,71,5098,9897,7152,15936,3110,1408,6451,394,538,487,579,575,987,488,6,1,642,699,1485,266,351,231,1001,216,236,4,996,720,189,22,93,145,1029,299,237,775,7530,2354
Lewisham,262256,219035,34,46,3929,1966,2477,11673,1543,952,4088,245,658,1179,718,411,1433,1040,3,0,940,2227,964,308,711,330,518,224,210,26,630,356,3338,136,173,103,1791,431,137,280,4422,878
Newham,292396,171384,13,32,2532,4061,2211,24898,875,510,5966,589,4555,7833,2022,283,1119,703,55,0,1774,811,1690,104,739,1279,12802,2223,5224,53,21635,9735,6818,2587,915,516,1342,95,52,2632,8706,3082
Southwark,275241,221308,55,65,4404,3653,6429,12636,2527,1551,3171,310,569,655,539,919,1060,514,2,0,977,1961,1870,429,513,256,493,369,126,4,1957,358,181,98,64,144,2749,453,337,803,7738,1359
Tower Hamlets,242368,159488,50,30,3286,2033,2928,12428,2684,1757,2287,244,411,926,515,893,707,203,11,11,1467,1069,1386,160,306,74,670,561,261,1,43525,195,146,160,80,404,2790,509,316,291,3848,2465
Wandsworth,292980,241942,80,40,4181,3009,3400,16129,2897,1645,6191,542,346,456,642,510,1136,353,5,2,957,727,1550,182,739,354,4716,269,549,7,656,1459,1166,145,112,210,766,547,224,1404,4362,2343
Westminster,211367,146205,51,37,6350,3575,4745,14079,3745,2278,1315,195,338,262,398,2304,2414,1325,7,6,2158,834,11971,2146,2065,176,470,384,60,1,2977,220,129,63,76,135,1549,1598,383,1238,2156,752
Barking and Dagenham,174667,141962,5,11,1270,1368,393,8786,215,181,1786,80,1182,3935,812,110,1553,1399,12,0,558,804,478,56,301,205,2975,381,1657,3,3512,585,816,331,112,144,416,18,28,601,4030,424
Barnet,340431,260753,39,30,2177,2839,2164,23683,1897,953,7930,1400,3995,854,1190,2103,2516,1757,73,47,1312,2025,3305,520,6639,1781,1750,845,577,0,1062,7278,1324,179,811,368,2503,2449,332,1766,3935,1772
Bexley,222954,209507,12,5,499,315,292,2909,205,146,918,110,188,567,262,104,363,252,4,0,267,686,198,93,164,37,210,161,1655,1,377,533,736,47,196,67,548,43,10,168,1548,59
Brent,297380,186900,56,83,2229,6442,2212,24411,1895,723,10153,488,5722,919,939,734,1595,1056,25,1,577,334,7892,621,3341,1802,4571,1917,1530,34,836,23500,6141,326,2342,754,907,364,72,2324,9020,6079
Bromley,297299,280077,40,26,1056,765,798,5086,626,483,1597,143,333,455,336,194,674,417,6,0,558,803,542,97,277,50,277,273,180,0,532,542,684,119,120,92,668,235,29,429,1121,206
Croydon,346451,296232,20,31,2408,2024,1378,10754,968,548,4940,354,736,714,612,416,689,427,7,0,503,1482,1002,714,1020,659,3906,762,1096,8,1166,4214,5172,1428,215,314,1061,304,64,641,4523,755
Ealing,322845,213470,83,37,2696,2088,1908,29393,1539,934,20463,520,889,1031,960,760,1806,694,6,0,1203,369,6989,1070,4200,1592,5128,2190,16328,19,964,5903,6002,467,2302,586,1044,2374,151,914,7315,5611
Enfield,297692,229660,31,48,2360,1279,1105,18409,1799,387,5837,327,1508,765,1721,4627,2073,1742,13,1,582,18378,1197,1990,1552,241,751,229,342,3,2594,2490,1320,182,54,139,618,137,23,600,6866,3127
Greenwich,241675,200919,33,54,2151,1090,1277,9384,815,720,2232,277,839,1882,747,279,974,630,40,0,895,1408,638,390,269,202,847,352,1714,7,792,1052,1110,62,5058,162,1773,192,83,284,5482,1476
Harrow,229398,164051,46,27,831,875,579,11284,406,409,3699,246,4492,464,336,268,832,622,35,0,363,372,2370,204,2548,1297,2251,1596,1376,15,722,20368,8304,184,1328,649,597,189,106,463,2657,1781
Havering,229106,218645,22,14,334,260,211,3251,166,129,829,55,401,980,208,95,348,234,7,0,242,425,174,33,140,24,411,88,595,0,490,419,269,162,30,42,346,33,4,430,856,16
Hillingdon,261989,212834,36,29,851,1332,669,8379,453,410,3994,191,707,828,333,300,643,319,6,2,455,344,1706,223,1664,607,3344,1401,8837,14,1259,3122,3556,376,1515,372,1018,163,99,625,4176,2925
Hounslow,241725,172277,40,19,1470,1952,1149,15875,845,588,9969,453,732,981,640,224,1085,493,4,0,787,344,2499,303,2121,944,5095,3072,11616,16,1237,3869,1776,464,2287,732,640,263,81,1174,3805,2336
Kingston upon Thames,153286,128110,31,12,772,814,888,6392,648,1076,1919,234,172,341,471,452,551,172,4,0,467,288,1518,188,822,171,1039,235,620,1,430,681,2626,248,97,49,709,380,2613,450,555,68
Merton,190500,150367,33,11,1536,1625,1396,12429,969,835,6604,363,581,566,885,247,763,249,1,0,646,446,872,167,503,202,3363,228,388,0,970,1313,5988,178,407,175,634,544,918,639,2246,409
Redbridge,265968,200597,14,26,1230,1042,629,9250,469,318,2293,138,1783,2668,570,326,979,749,23,3,784,1124,845,178,763,695,10093,1882,8261,35,6633,6141,6895,564,140,387,575,101,16,323,2993,946
Richmond upon Thames,178321,159702,66,11,1169,626,1204,7039,889,1648,1712,222,148,155,225,206,747,327,1,0,589,300,722,123,1053,138,317,219,653,2,401,424,155,36,55,54,388,435,90,213,470,61
Sutton,182380,164103,17,13,543,812,535,4341,374,252,1921,102,287,271,493,119,343,176,0,0,313,397,593,164,453,88,961,215,144,1,521,738,2715,234,231,97,567,155,511,594,815,50
Waltham Forest,245420,180543,19,34,2297,1927,1546,22324,1014,550,8021,857,4031,3171,2155,561,1308,924,19,0,1192,3868,1914,330,639,671,8034,282,2971,61,2346,1737,2354,193,107,144,815,144,26,725,4564,1840
Bracknell Forest,108293,101781,20,4,273,216,276,2042,116,173,761,150,105,78,73,28,128,14,3,0,194,61,123,1,33,10,143,80,92,0,71,127,79,27,988,30,118,49,33,362,461,3
Brighton and Hove,264238,242405,32,28,1335,799,1624,7831,1015,957,2043,517,141,414,149,749,396,121,2,0,464,422,2226,89,699,135,152,128,42,2,740,224,105,60,74,39,1374,273,128,259,541,13
Isle of Wight,134503,132033,11,6,146,70,100,1145,65,171,469,39,88,33,35,24,26,6,1,0,29,55,41,4,17,9,31,13,7,0,59,21,33,34,1,4,72,27,3,233,46,2
Medway,253480,240267,12,11,324,283,193,4829,197,219,1598,785,156,532,266,105,153,103,1,0,500,439,258,67,202,56,416,213,1415,3,694,366,213,221,222,33,335,48,10,262,568,4
Milton Keynes,236730,214160,24,19,779,510,705,6931,546,508,3652,214,285,626,110,113,139,53,1,0,352,116,304,17,320,32,1305,378,653,24,1083,832,1859,137,122,195,812,342,70,372,2675,638
Portsmouth,196712,182705,18,12,511,350,290,4359,174,243,1914,129,319,238,234,417,197,113,2,0,268,296,979,541,297,49,108,68,70,5,1517,122,100,159,93,35,1180,56,30,432,600,7
Reading,148243,126690,26,14,633,655,585,6538,450,406,3768,226,194,195,105,348,394,209,1,0,328,191,600,47,237,185,1790,566,921,31,400,196,505,181,2430,248,617,127,33,360,1367,6
Slough,132384,96508,6,20,395,373,297,10206,412,129,8249,147,401,264,69,60,260,179,5,0,188,57,703,127,382,412,6568,825,8247,136,287,534,860,231,148,274,236,69,48,484,2418,938
Southampton,227281,200352,39,22,658,545,530,11733,386,449,8262,251,310,293,222,538,225,51,0,0,563,273,1019,310,1084,588,767,340,1340,12,708,281,162,323,78,151,1825,78,118,562,1009,337
West Berkshire,147774,142737,28,11,231,291,171,2133,102,218,1054,140,81,58,40,29,85,16,1,1,124,56,77,15,31,16,87,156,61,0,135,51,96,79,43,27,209,47,22,84,227,1
Windsor and Maidenhead,138877,128631,37,4,569,403,563,3536,449,428,1395,147,103,85,42,80,144,31,2,0,197,120,223,11,77,11,685,200,1285,38,185,158,108,77,68,72,264,171,73,175,245,3
Wokingham,148442,141193,30,9,298,135,269,1836,205,216,578,67,83,59,84,64,108,26,7,0,141,114,366,5,82,23,597,269,715,2,160,169,146,63,114,119,337,97,74,152,235,3
Aylesbury Vale,167427,159265,30,11,274,247,194,2484,275,170,1123,128,188,36,108,42,82,26,1,0,107,37,211,7,30,542,1122,52,517,44,98,180,145,117,18,68,168,61,19,296,406,2
Chiltern,89449,85924,10,12,189,81,137,1303,84,114,523,54,80,37,44,19,56,9,0,0,95,47,36,5,43,4,342,26,284,8,61,106,126,5,5,28,76,55,2,110,81,0
South Bucks,64607,61037,11,4,173,88,143,1064,127,124,335,60,51,30,22,21,48,9,2,0,81,20,85,6,39,3,130,92,734,2,78,137,54,8,7,18,129,83,20,36,83,1
Wycombe,164954,152302,29,4,327,252,277,3347,191,226,1980,120,153,96,70,45,144,28,1,0,129,72,133,25,140,71,2088,178,2569,174,292,110,431,95,121,138,214,96,34,144,381,12
Eastbourne,96172,90223,7,7,221,701,368,2292,155,211,1077,66,49,139,101,79,167,112,1,0,151,89,157,84,153,6,35,35,20,0,150,51,49,90,33,30,245,43,15,244,121,0
Hastings,86858,83216,8,15,151,65,76,1353,98,79,488,73,70,105,26,37,87,58,0,0,210,82,87,144,104,16,18,18,2,0,171,45,82,69,124,9,134,26,3,166,138,1
Lewes,94522,92056,6,10,165,131,136,953,99,191,271,47,28,26,17,19,53,21,0,0,82,38,59,7,38,4,11,7,11,0,89,35,27,40,17,2,95,31,5,132,65,0
Rother,88240,86598,11,1,122,37,69,516,61,93,125,23,28,12,21,19,46,8,6,0,66,32,58,8,25,0,5,8,1,0,55,17,27,55,20,3,75,14,10,121,66,0
Wealden,144649,141780,10,2,208,87,143,1232,123,241,293,47,109,17,39,14,47,4,2,0,87,86,44,1,31,0,13,5,3,1,96,21,55,128,23,6,121,19,21,144,55,0
Basingstoke and Deane,161002,153042,22,9,244,254,216,3083,177,149,1885,180,75,80,83,43,69,12,0,0,129,129,97,3,40,6,125,131,84,0,186,111,186,145,995,71,491,30,10,263,275,0
East Hampshire,112015,109069,5,5,157,97,68,1242,44,142,566,45,89,56,51,23,32,1,0,0,56,64,44,9,12,0,7,29,13,0,80,15,11,94,123,5,91,31,11,309,137,1
Eastleigh,120508,116983,14,6,149,66,105,1198,76,97,626,24,44,19,98,35,26,8,0,0,69,90,122,9,47,6,46,82,272,0,140,68,45,105,86,14,186,16,10,60,126,2
Fareham,108308,106662,11,9,95,45,64,537,26,57,211,35,29,23,18,14,29,8,0,0,31,22,57,0,26,10,28,21,17,0,45,11,29,74,0,18,118,18,8,29,75,0
Gosport,79356,77865,9,3,52,23,50,623,15,57,352,26,19,11,27,11,18,3,0,0,50,47,34,31,8,5,4,6,18,0,47,32,15,73,9,0,56,2,1,43,73,1
Hart,87733,85045,19,2,136,130,111,969,69,135,294,65,62,17,24,32,33,7,0,0,40,27,53,3,21,5,24,66,33,0,62,21,72,12,352,5,104,34,3,24,114,0
Havant,116625,115006,8,5,98,46,97,575,23,73,194,23,75,21,17,7,26,6,1,0,45,39,31,12,12,1,15,17,16,0,59,26,8,61,5,0,80,14,2,86,53,0
New Forest,171328,168369,25,13,182,55,166,1286,64,166,580,68,58,53,48,8,42,3,3,0,76,59,37,11,7,2,5,3,5,0,57,24,6,120,27,7,92,18,3,193,104,0
Rushmoor,89665,79978,18,10,128,220,131,1359,104,129,621,64,105,35,46,27,54,30,2,0,53,120,72,6,38,66,196,61,71,1,88,40,64,119,5584,47,129,14,7,286,261,0
Test Valley,112372,109210,6,10,103,262,111,1328,53,137,572,117,41,73,22,22,27,4,3,0,67,51,55,26,20,17,31,42,91,0,76,31,30,61,94,10,148,12,4,118,89,0
Winchester,112812,109598,19,4,221,59,150,1132,78,178,416,43,45,19,15,37,48,5,2,0,67,22,53,9,10,1,14,32,21,0,103,26,27,32,306,12,319,61,18,82,74,1
Ashford,113353,107842,12,8,326,79,82,1658,75,76,970,74,55,106,17,16,86,67,5,0,84,98,68,54,31,19,62,33,42,1,108,26,137,157,1602,25,157,28,5,58,201,0
Canterbury,146601,138737,17,22,625,158,277,2772,229,345,493,175,387,115,178,388,177,93,0,0,229,222,288,34,80,20,87,42,48,1,120,61,65,183,381,25,649,114,47,74,189,3
Dartford,93198,87855,6,5,169,94,91,2047,96,103,1038,89,104,193,85,39,67,41,0,0,189,136,88,12,58,10,73,62,420,0,188,93,329,82,75,18,101,10,2,237,318,0
Dover,107932,104285,9,7,242,50,77,1584,87,132,459,395,31,92,15,12,46,22,0,0,121,61,57,50,15,10,12,20,9,0,67,18,52,75,629,6,111,17,7,55,57,0
Gravesham,97749,88729,7,11,168,111,67,3403,76,71,1199,911,89,576,45,17,79,56,2,0,299,174,43,92,105,38,128,75,3052,0,238,52,147,23,17,12,92,8,6,31,264,1
Maidstone,149404,142068,11,10,311,224,195,3009,95,142,1447,131,125,320,142,62,165,77,6,0,194,142,81,52,150,56,89,36,52,1,186,67,93,159,1227,24,139,12,8,162,172,1
Sevenoaks,110782,107881,7,4,234,77,117,1265,95,178,433,48,45,37,30,25,41,6,3,0,76,49,30,3,7,1,28,12,40,0,62,34,41,35,38,5,116,52,4,97,168,0
Shepway,104325,99236,19,13,246,51,89,1447,74,141,349,259,69,54,56,39,63,40,5,0,47,122,30,45,26,21,29,19,9,0,106,18,67,40,2106,18,70,11,0,86,84,0
Swale,130575,127231,4,7,122,57,66,1931,39,104,891,75,140,269,66,18,37,15,1,0,150,109,28,7,21,14,30,26,56,1,84,52,57,7,4,11,72,6,0,51,111,4
Thanet,129355,123423,5,9,186,77,100,3262,112,159,1057,750,74,215,33,76,119,59,0,0,191,214,98,28,78,39,85,32,29,0,96,52,107,76,107,16,185,39,19,148,125,0
Tonbridge and Malling,116435,113551,7,10,185,73,110,1069,73,113,316,70,61,61,53,22,45,7,0,0,81,79,53,5,16,1,52,18,25,0,129,50,13,49,220,12,155,21,4,104,85,0
Tunbridge Wells,110725,105976,9,6,279,139,199,2106,124,150,1032,136,87,78,70,26,70,19,24,0,92,100,86,18,43,22,72,32,8,0,289,81,31,87,43,12,181,37,13,248,129,0
Cherwell,135982,128383,25,10,260,429,214,3452,161,179,2216,125,145,57,47,46,88,31,1,0,138,64,129,31,99,10,523,47,553,19,91,36,81,177,44,37,221,49,28,149,186,1
Oxford,146149,122435,41,15,1230,1223,1180,7628,806,1460,2466,305,220,338,172,448,828,372,0,0,638,194,959,132,354,285,940,216,849,18,872,74,147,397,374,59,1420,346,223,553,932,81
South Oxfordshire,129424,124939,35,13,388,162,199,2301,129,307,925,182,133,42,34,31,71,13,1,0,117,36,50,10,17,1,32,40,41,1,86,40,30,71,109,11,122,40,11,114,94,2
Vale of White Horse,116534,111949,34,7,469,163,209,1836,162,394,603,73,84,32,32,35,85,18,1,0,126,60,108,4,70,16,59,55,63,0,90,24,45,23,175,13,196,73,31,93,145,0
West Oxfordshire,100956,98204,18,6,120,169,84,1431,62,104,746,72,54,24,51,17,33,6,1,0,40,41,20,0,10,1,27,3,12,0,64,24,13,59,43,0,83,38,17,113,90,0
Elmbridge,125284,117069,14,10,458,372,511,3101,371,435,828,107,120,109,74,68,223,30,1,0,232,119,359,15,141,26,140,73,117,2,236,146,106,56,17,17,205,156,587,121,256,1
Epsom and Ewell,72324,66957,10,1,272,597,260,1141,196,93,332,41,54,83,55,72,66,23,0,0,58,60,330,12,78,8,173,64,17,0,153,231,270,32,30,16,204,71,310,306,158,0
Guildford,132353,122553,35,6,419,280,574,3411,305,311,987,144,98,63,99,674,182,22,2,1,217,172,620,40,280,24,160,94,42,0,159,107,144,67,266,26,956,77,86,223,253,9
Mole Valley,82666,79928,10,1,136,108,126,1050,66,124,384,58,33,35,23,39,43,13,0,0,77,38,62,6,31,1,52,40,9,0,120,55,83,28,43,11,107,43,35,126,75,1
Reigate and Banstead,132316,125749,17,2,347,439,297,2033,223,188,679,76,167,87,98,67,78,41,1,0,134,92,153,16,56,9,295,90,112,0,264,161,259,133,86,24,149,34,28,336,305,6
Runnymede,77595,71343,16,6,298,263,368,2073,302,252,529,114,134,66,84,140,100,49,0,0,250,94,177,34,52,7,96,89,109,2,123,81,76,84,33,30,602,61,110,327,160,0
Spelthorne,91970,86121,11,4,212,272,223,1861,167,123,908,51,103,115,44,46,69,24,3,0,143,96,196,23,76,6,146,187,403,1,118,265,199,96,48,44,170,51,33,207,187,7
Surrey Heath,83061,78763,11,2,150,152,139,1155,102,136,342,102,50,14,75,36,56,16,0,0,54,57,90,2,61,11,180,74,118,3,137,69,76,65,733,15,95,57,3,275,123,3
Tandridge,80142,77948,5,4,167,62,139,707,55,81,224,28,55,35,27,26,35,7,0,0,72,56,26,18,23,0,27,10,9,2,35,70,49,53,50,5,133,32,13,64,56,0
Waverley,117340,113371,21,5,242,186,240,1667,151,220,427,123,50,38,106,63,104,3,3,0,135,43,90,30,36,8,114,19,14,0,74,40,16,42,29,0,224,66,35,134,96,0
Woking,94761,85179,11,8,316,325,370,2889,608,212,994,110,109,57,43,64,119,31,0,0,179,74,291,40,150,168,1202,160,707,19,211,104,147,146,446,105,227,71,43,222,328,1
Adur,59049,57620,3,2,77,37,59,453,47,59,134,16,16,2,23,26,28,12,1,0,42,35,159,4,22,8,8,4,10,1,142,26,5,10,6,3,78,9,14,21,44,0
Arun,145041,138321,9,5,146,452,126,4186,66,154,2545,72,103,527,74,19,84,3,1,0,359,76,55,14,20,10,35,7,7,4,184,49,51,92,7,9,143,19,1,194,124,2
Chichester,110443,107370,15,4,156,149,139,1444,70,193,652,43,51,84,41,36,26,1,0,0,73,38,41,2,36,5,16,18,1,0,76,38,27,78,22,13,148,21,8,134,88,0
Crawley,101602,88303,5,7,421,959,302,3658,256,120,1670,195,165,416,89,27,119,21,2,0,175,132,251,16,73,267,1229,175,580,9,268,1354,1037,68,26,88,127,20,0,166,628,13
Horsham,127080,123650,9,2,220,77,178,1399,154,143,323,93,126,35,25,23,50,8,5,0,60,37,51,2,33,5,39,13,21,0,78,35,25,141,6,4,137,150,11,259,128,1
Mid Sussex,134943,130305,17,3,264,133,240,1774,179,260,452,86,121,37,96,23,57,7,3,0,83,106,48,14,23,3,54,49,15,0,161,84,89,286,3,13,166,29,7,379,134,3
Worthing,100851,96472,5,7,151,147,143,1536,234,114,523,77,38,220,52,24,59,17,0,0,103,114,95,30,77,7,57,39,18,0,317,66,78,75,49,17,170,16,7,346,209,8
Bath and North East Somerset,170629,163360,64,3,394,119,415,2857,370,320,1195,104,85,63,84,194,129,22,1,1,167,102,260,6,79,3,51,51,25,0,104,23,32,109,25,23,969,98,58,158,97,2
Bournemouth,177096,160798,25,12,471,1569,1001,6760,388,437,4022,211,265,248,88,99,385,67,1,0,459,498,544,202,400,61,68,130,22,2,188,77,165,239,122,43,809,103,252,323,285,3
"Bristol, City of",409698,374709,165,56,1403,850,1329,11769,964,732,6080,493,503,429,184,494,298,128,5,1,536,379,1103,516,417,83,1432,288,1306,12,983,353,273,663,115,146,1619,139,164,531,6050,5004
Cornwall,515880,507616,60,500,354,411,196,4219,161,467,1984,148,92,540,51,45,137,12,1,0,158,103,112,12,20,0,29,53,28,0,149,6,37,53,98,15,385,65,5,333,107,1
Isles of Scilly,2159,2110,0,0,2,0,1,39,0,3,16,1,0,2,1,0,0,0,0,0,1,0,0,0,0,0,0,0,0,0,0,0,0,0,0,1,0,0,0,0,3,0
North Somerset,195597,190754,45,6,175,111,157,2664,87,148,1491,101,76,212,130,92,96,16,0,0,135,56,66,27,37,0,32,16,26,0,164,23,31,153,0,16,225,16,6,137,78,0
Plymouth,247025,238255,39,27,323,353,241,3973,118,262,2185,103,306,171,54,221,136,40,1,0,241,96,340,368,143,15,83,34,9,0,175,21,60,121,102,43,567,32,5,164,273,6
Poole,142577,137200,14,9,176,231,205,2491,108,190,1487,81,109,68,58,32,68,7,0,0,154,113,77,18,74,10,26,52,18,0,189,18,80,233,35,21,294,35,25,194,104,0
South Gloucestershire,253267,245586,69,5,250,340,195,3377,160,179,1681,284,131,164,69,63,83,36,1,0,135,146,201,39,80,12,175,131,185,2,110,124,140,131,32,84,307,36,23,123,194,15
Swindon,200595,187424,25,7,208,1090,212,4336,417,188,2651,267,114,109,46,60,131,45,2,0,161,310,101,88,159,106,303,213,481,4,470,218,259,112,1263,1036,295,213,11,257,453,78
Torbay,126938,124205,17,7,99,59,90,1520,75,151,873,85,48,40,50,32,30,5,0,0,41,34,66,5,27,4,14,8,7,0,48,5,18,87,3,4,102,17,3,162,39,1
Wiltshire,453983,442229,104,22,399,323,321,5567,258,598,3317,221,151,97,110,62,145,39,5,1,212,218,171,51,37,4,73,133,75,2,351,30,66,149,825,51,434,102,18,434,366,0
East Devon,129029,127216,16,2,93,37,63,840,41,102,293,67,32,43,45,13,24,6,0,0,44,31,25,0,10,0,3,4,1,0,43,1,3,94,3,1,61,15,0,197,27,0
Exeter,113554,106151,24,8,267,110,256,2530,156,248,1218,142,84,149,84,100,77,10,0,0,201,122,554,39,141,24,54,44,42,1,125,10,22,146,12,27,1227,51,117,219,90,0
Mid Devon,75093,73614,17,1,50,60,36,979,16,72,631,18,12,96,21,4,19,0,0,0,20,18,4,1,5,0,0,13,1,0,9,8,4,13,2,0,71,12,1,22,12,0
North Devon,90661,89164,14,12,51,27,46,742,29,70,273,34,36,108,61,10,12,1,0,0,41,21,32,0,14,5,30,2,14,0,40,3,2,32,56,3,47,11,0,66,24,0
South Hams,81003,79918,10,2,100,11,52,540,24,116,155,24,28,30,7,10,16,0,0,0,30,7,71,0,9,0,2,7,0,0,36,0,5,22,5,0,24,20,1,36,28,0
Teignbridge,120740,118992,17,4,99,32,50,825,36,113,350,48,43,36,29,19,24,3,1,0,69,30,19,4,4,0,1,0,3,0,44,5,27,33,0,0,129,19,9,72,12,0
Torridge,61942,61293,4,9,27,18,16,311,17,32,118,16,24,4,13,6,7,1,0,0,10,18,28,0,0,0,0,1,0,0,11,2,0,4,0,1,57,7,0,16,6,0
West Devon,52067,51361,5,5,44,17,24,369,13,43,180,7,16,15,11,3,10,4,0,0,11,10,20,3,6,0,3,0,6,1,11,0,4,14,1,0,27,6,3,35,9,2
Christchurch,46503,45710,7,5,55,23,33,289,25,56,119,8,6,11,3,4,8,1,2,0,7,34,8,0,5,0,3,9,1,0,25,10,0,13,0,5,81,4,7,40,23,0
East Dorset,85014,84125,13,3,56,31,50,347,24,81,92,11,24,12,12,6,23,4,0,0,18,13,15,0,8,0,8,3,0,0,95,12,0,5,11,5,37,9,5,21,21,0
North Dorset,66426,64793,16,4,57,19,39,874,27,73,532,32,24,38,42,7,16,0,2,1,26,16,13,5,2,6,2,2,2,0,32,5,1,7,250,3,57,10,3,53,21,1
Purbeck,43749,43167,4,1,45,12,36,295,19,61,137,8,13,0,7,3,11,1,0,0,11,26,6,1,3,0,6,0,0,0,16,0,0,4,11,1,7,5,0,17,17,0
West Dorset,96731,95300,12,6,99,23,54,515,35,95,198,14,18,17,14,7,32,3,1,0,57,21,28,0,1,1,23,5,4,0,54,5,17,56,8,10,92,19,10,85,28,0
Weymouth and Portland,63144,61808,7,9,60,60,64,617,29,63,379,26,16,11,12,4,14,5,0,0,28,24,13,3,15,6,7,13,8,0,50,2,4,3,12,2,70,1,0,67,52,0
Cheltenham,111748,105829,33,11,234,246,240,2904,123,187,1841,178,64,22,97,39,63,7,0,0,140,86,124,13,73,8,58,44,35,0,177,269,21,100,24,14,294,68,41,153,86,0
Cotswold,80592,78983,22,2,94,55,59,793,34,91,306,56,33,12,6,10,12,1,0,0,30,18,5,3,2,0,10,11,0,1,22,10,21,30,18,3,120,27,0,89,46,2
Forest of Dean,79544,78595,40,2,31,10,25,495,14,41,303,26,23,11,12,3,16,0,0,0,26,30,4,5,1,0,4,5,12,0,3,2,3,17,12,1,30,8,2,18,18,0
Gloucester,116661,109994,38,4,140,203,96,3060,105,84,1894,289,54,62,65,22,123,34,1,0,68,56,83,37,27,53,216,34,67,0,270,707,150,209,35,32,123,11,2,205,271,16
Stroud,109248,107413,25,4,100,102,54,1000,73,113,505,29,38,11,10,15,28,2,0,0,39,27,17,1,7,2,11,5,2,0,25,12,25,12,3,2,52,19,2,53,32,0
Tewkesbury,79191,77386,20,1,52,48,44,1109,96,96,667,53,30,16,13,21,21,2,0,0,25,35,20,2,11,1,15,7,20,0,21,65,9,8,19,4,28,18,0,40,42,0
Mendip,105753,103243,11,4,123,162,82,1437,143,113,804,49,75,58,23,7,31,5,1,1,70,28,17,0,7,0,2,5,1,0,43,5,6,53,4,4,83,14,10,85,36,0
Sedgemoor,110761,108077,10,1,58,249,27,1711,32,66,1021,54,33,209,21,15,26,8,1,0,99,66,18,2,3,1,5,3,9,0,82,1,9,12,0,1,42,8,1,76,20,0
South Somerset,155937,151834,28,8,97,507,84,2377,98,93,1706,64,91,63,62,15,29,1,0,0,39,54,38,2,9,3,21,17,5,0,46,2,20,70,4,2,137,30,6,174,72,0
Taunton Deane,106406,102829,19,3,86,195,71,1963,44,99,1324,46,77,155,43,13,38,19,1,0,85,47,45,0,14,4,21,21,2,0,79,3,17,66,3,4,199,25,8,254,51,0
West Somerset,33809,33084,8,0,21,12,10,548,6,22,282,19,15,21,15,0,3,0,0,0,7,1,2,0,1,0,0,0,1,0,16,0,0,7,3,0,5,2,2,44,5,0
Anglesey,67403,66685,0,5,18,51,33,226,8,46,90,13,6,16,1,7,5,1,0,0,13,10,76,7,0,0,4,3,9,0,21,0,0,30,5,0,66,4,2,15,12,0
Gwynedd,117789,114675,0,8,80,49,92,896,37,147,378,51,29,46,13,48,14,1,0,0,26,44,532,29,16,23,64,37,12,1,79,4,25,39,7,9,606,13,8,66,62,1
Conwy,111724,109870,0,10,53,44,82,830,54,106,416,28,34,17,28,14,16,1,0,0,51,48,73,7,6,6,23,17,2,0,57,10,15,27,16,11,148,4,2,59,33,0
Denbighshire,90527,88957,0,4,37,13,34,534,15,48,290,21,22,16,34,8,9,1,0,0,37,49,25,12,3,0,29,4,14,0,49,7,30,55,1,8,140,6,2,247,39,0
Flintshire,146940,143897,0,7,30,71,62,2122,70,51,1286,118,86,194,74,8,13,0,0,0,38,37,18,17,2,0,11,14,25,0,98,12,17,45,2,4,112,25,1,17,25,0
Wrexham,129425,124153,0,5,84,518,52,3159,48,83,2643,66,38,51,112,5,17,2,1,1,20,91,70,37,23,10,43,80,20,0,99,5,42,93,2,13,211,14,1,154,103,0
Powys,129083,126796,0,2,66,16,44,1265,32,76,815,65,45,29,23,8,18,1,0,0,28,41,12,7,5,0,0,3,14,0,36,0,17,31,403,5,71,16,1,38,21,0
Ceredigion,73847,71651,0,8,75,35,49,1218,29,131,663,21,24,27,123,37,76,2,0,0,46,28,69,4,5,8,12,22,3,0,56,6,14,64,2,11,163,32,6,4,29,1
Pembrokeshire,118392,116672,0,5,46,43,38,751,61,115,315,20,60,29,6,9,17,0,2,0,23,49,38,18,10,3,21,13,15,0,45,2,41,45,10,10,117,12,0,114,24,0
Carmarthenshire,177642,173888,0,13,63,62,54,2469,102,118,1943,23,58,16,45,13,25,4,0,0,42,35,67,8,4,11,35,11,29,2,54,9,37,59,60,16,126,13,20,167,43,0
Swansea,231155,221499,0,12,218,140,163,2420,265,211,1239,25,83,134,34,110,123,10,0,0,155,190,1351,202,230,14,194,60,108,1,1028,23,110,227,29,55,1167,44,49,330,301,26
Neath Port Talbot,135278,133952,0,3,37,18,27,423,33,36,247,14,21,2,4,3,11,3,0,0,24,36,28,16,8,9,29,6,51,0,131,11,25,16,11,7,96,4,4,63,23,0
Bridgend,134545,132403,0,9,54,31,48,1066,38,43,726,7,43,98,3,2,25,0,0,0,56,30,41,6,17,1,20,12,13,1,40,29,17,22,15,8,113,23,31,135,36,0
The Vale of Glamorgan,122018,120026,0,1,93,32,82,649,62,123,199,22,19,23,3,34,59,11,0,0,46,35,83,14,32,6,29,11,37,0,46,39,20,63,1,4,159,22,0,182,47,1
Cardiff,332273,304729,0,23,766,682,597,6516,549,434,2650,423,212,192,118,529,180,43,11,0,286,161,3561,540,734,536,1214,525,643,7,2431,610,325,417,128,272,1703,173,105,382,2048,1393
"Rhondda, Cynon, Taff",225555,222492,0,6,77,122,41,883,46,66,490,26,31,31,10,23,13,1,1,0,44,105,86,20,8,15,59,15,51,0,55,20,53,28,13,15,468,3,1,141,207,2
Merthyr Tydfil,56623,54861,0,2,16,311,9,1024,6,13,940,6,12,11,3,6,4,3,0,0,0,20,35,0,5,0,13,9,27,0,17,0,7,19,8,2,31,0,0,97,10,0
Caerphilly,171972,170386,0,5,43,57,29,656,51,53,319,23,64,24,20,15,4,1,1,0,13,56,41,4,8,4,17,11,57,0,18,18,32,10,3,3,150,4,2,43,16,0
Blaenau Gwent,67348,66582,0,0,8,34,7,398,7,3,311,23,26,3,1,4,0,0,0,0,3,51,4,0,1,0,11,3,18,0,9,7,2,29,6,0,59,3,0,16,7,0
Torfaen,87844,86916,0,5,10,13,15,211,24,21,109,5,5,5,1,5,24,2,0,0,18,25,6,3,4,0,19,5,23,0,29,14,10,6,232,6,42,3,0,48,11,0
Monmouthshire,88609,87414,0,0,61,7,36,524,33,67,205,15,55,12,6,10,14,4,0,0,39,20,37,3,3,0,16,20,4,0,23,11,8,13,20,2,67,9,3,122,26,0
Newport,139849,132901,0,0,138,102,74,2076,124,59,727,404,117,166,15,25,27,3,0,0,87,179,547,171,88,24,487,50,476,7,786,40,69,134,63,37,189,32,37,309,362,107
