district,total,English only identity,English and British only identity,Other English combined background identity,No English identity,Welsh only identity,Welsh and British only identity,Other Welsh combined background identity,No Welsh identity,Scottish only identity,Scottish and British only identity,Other Scottish combined background identity,No Scottish identity,British only identity,British and any other identity,No British identity,Cornish only identity,Cornish and British only identity,Cornish and at least one of English/Welsh/Scottish/Northern Irish identities (with or without British),No Cornish identity,Irish only identity,Irish and British only identity,Irish and Northern Irish only identity,"Irish, Northern Irish and British only identity",Irish and at least one of English/Welsh/Scottish identities (with or without British),"Irish, Northern Irish and at least one of English/Welsh/Scottish identities (with or without British)",No Irish identity,Other identities only,Other identities and at least one of English/Welsh/Scottish/Northern Irish/British only,At least one of English/Welsh/Scottish/Northern Irish/British identities only
,,,,,,,,,,,,,,,,,,,,,,,,,,,,,,
Darlington,105564,73389,10798,372,21005,308,53,50,105153,1466,227,105,103766,15534,11384,78646,4,0,0,105560,222,10,2,0,14,0,105316,3064,335,102165
County Durham,513242,366060,56397,1441,89344,980,225,247,511790,4338,822,439,507643,72000,58769,382473,8,6,12,513216,727,40,13,4,68,5,512385,9562,1353,502327
Hartlepool,92028,69787,9511,168,12562,126,23,27,91852,621,96,46,91265,10272,9771,71985,1,0,0,92027,104,6,0,0,12,0,91906,1248,172,90608
Middlesbrough,138412,96117,13112,407,28776,172,43,42,138155,886,124,75,137327,20315,13760,104337,5,0,0,138407,333,13,1,1,26,1,138037,6662,581,131169
Northumberland,316028,213670,35661,982,65715,705,163,133,315027,6955,1068,488,307517,51921,37740,226367,11,3,4,316010,452,22,0,3,47,1,315503,4019,702,311307
Redcar and Cleveland,135177,100401,14126,274,20376,245,48,32,134852,1281,195,85,133616,17080,14596,103501,0,0,1,135176,244,7,1,0,18,0,134907,1242,244,133691
Stockton-on-Tees,191610,136756,20011,479,34364,394,60,63,191093,1712,355,127,189416,26980,20930,143700,7,1,0,191602,329,14,2,1,40,3,191221,4294,553,186763
Gateshead,200214,142261,19905,541,37507,288,50,60,199816,1717,281,127,198089,28154,20766,151294,1,0,0,200213,372,11,4,1,30,1,199795,6352,634,193228
Newcastle upon Tyne,280177,167436,26775,1618,84348,575,136,180,279286,3522,677,349,275629,50000,29689,200488,9,0,2,280166,1184,27,22,14,70,2,278858,26239,2280,251658
North Tyneside,200801,137830,21769,663,40539,365,53,80,200303,2612,427,216,197546,32146,22870,145785,2,0,3,200796,333,17,1,1,35,0,200414,4164,690,195947
South Tyneside,148127,107870,14851,245,25161,188,27,24,147888,1020,132,90,146885,21025,15285,111817,1,0,0,148126,154,4,1,1,8,0,147959,2423,286,145418
Sunderland,275506,199693,28704,519,46590,338,58,82,275028,1704,248,158,273396,36726,29587,209193,3,0,3,275500,445,13,1,0,26,0,275021,6821,603,268082
Blackburn with Darwen,147489,81807,12862,540,52280,288,47,72,147082,1633,166,111,145579,40836,13919,92734,8,1,1,147479,418,11,3,0,32,3,147022,8238,975,138276
Blackpool,142065,97336,13861,473,30395,809,95,81,141080,4019,421,151,137474,19532,14821,107712,8,0,0,142057,618,17,1,0,41,0,141388,4687,446,136932
Cheshire East,370127,243425,42460,1783,82459,3212,662,539,365714,3411,900,382,365434,60134,45606,264387,22,4,7,370094,1378,45,6,2,97,0,368599,12518,1587,356022
Cheshire West and Chester,329608,214583,36460,1770,76795,6363,1222,815,321208,2664,622,321,326001,54926,39766,234916,18,1,11,329578,1497,58,6,3,123,3,327918,9339,1300,318969
Halton,125746,92783,13249,273,19441,565,80,86,125015,683,127,51,124885,15862,13643,96241,2,0,1,125743,403,14,1,0,30,0,125298,1814,189,123743
Warrington,202228,136448,22596,753,42431,1160,211,187,200670,1660,311,147,200110,31064,23857,147307,3,0,2,202223,817,29,5,1,71,0,201305,7078,790,194360
Allerdale,96422,67084,11142,299,17897,288,71,57,96006,1343,241,102,94736,14315,11712,70395,2,1,0,96419,118,7,4,3,12,1,96277,1350,244,94828
Barrow-in-Furness,69087,49438,7576,158,11915,200,38,27,68822,1050,184,58,67795,9158,7946,51983,1,0,2,69084,120,2,0,0,13,0,68952,998,128,67961
Carlisle,107524,69171,11800,511,26042,296,53,51,107124,3708,582,230,103004,17446,12858,77220,9,0,2,107513,234,12,5,1,24,1,107247,3404,428,103692
Copeland,70603,49137,8333,191,12942,164,39,30,70370,869,179,80,69475,10432,8724,51447,2,1,1,70599,101,3,0,1,19,0,70479,1050,167,69386
Eden,52564,34352,6533,226,11453,172,52,37,52303,886,154,85,51439,8924,6954,36686,1,0,2,52561,75,9,1,1,10,0,52468,1060,180,51324
South Lakeland,103658,67154,12665,495,23344,407,90,103,103058,1293,307,148,101910,17800,13486,72372,7,1,1,103649,182,11,1,1,35,1,103427,3063,429,100166
Bolton,276786,178321,25984,946,71535,652,122,142,275870,1550,252,149,274835,52544,27609,196633,6,0,2,276778,1109,29,4,3,56,1,275584,15017,1484,260285
Bury,185060,122612,17739,805,43904,619,95,125,184221,1424,240,109,183287,31809,18976,134275,3,0,4,185053,1444,34,3,0,76,3,183500,8482,1144,175434
Manchester,503127,244541,35239,4090,219257,2748,537,673,499169,4056,590,551,497930,118810,41993,342324,25,8,9,503085,8020,195,72,18,390,8,494424,85324,6894,410909
Oldham,224897,141911,18129,710,64147,477,52,79,224289,1076,152,97,223572,50074,19539,155284,3,0,0,224894,814,21,2,1,60,0,223999,10891,1460,212546
Rochdale,211699,137272,17586,690,56151,527,82,80,211010,1213,157,76,210253,41850,18991,150858,0,0,3,211696,1258,48,8,0,62,1,210322,10820,1411,199468
Salford,233933,154794,20294,1148,57697,908,140,185,232700,1800,227,150,231756,33144,21725,179064,11,2,2,233918,1877,48,17,3,75,4,231909,19949,1480,212504
Stockport,283275,189422,29153,1298,63402,1291,267,262,281455,2264,500,233,280278,47871,31346,204058,9,3,6,283257,2349,77,14,2,151,1,280681,9479,1618,272178
Tameside,219324,155936,19408,659,43321,519,79,145,218581,1178,151,111,217884,32767,20420,166137,3,0,3,219318,938,39,7,0,50,0,218290,7643,911,210770
Trafford,226578,136505,22252,1334,66487,1083,227,243,225025,1879,392,231,224076,47174,24418,154986,10,2,3,226563,3151,79,8,3,187,4,223146,13770,1827,210981
Wigan,317849,234314,34402,703,48430,847,125,168,316709,1404,228,95,316122,38130,35336,244383,7,3,4,317835,853,25,4,1,79,1,316886,6951,708,310190
Burnley,87059,59068,8404,215,19372,209,23,39,86788,830,108,66,86055,14999,8882,63178,4,1,0,87054,332,10,0,0,16,0,86701,2670,345,84044
Chorley,107155,74046,12838,338,19933,401,60,64,106630,983,181,79,105912,15765,13442,77948,1,1,1,107152,344,6,1,1,39,2,106762,2022,348,104785
Fylde,75757,49289,9048,301,17119,414,88,61,75194,1369,311,86,73991,12719,9751,53287,6,0,1,75750,276,17,1,0,19,0,75444,1848,291,73618
Hyndburn,80734,54499,7884,263,18088,194,18,34,80488,666,103,61,79904,13938,8302,58494,0,0,0,80734,244,11,0,0,20,1,80458,2620,334,77780
Lancaster,138375,87600,15595,774,34406,657,144,152,137422,1899,355,191,135930,23291,16865,98219,7,1,2,138365,512,18,2,1,57,0,137785,7113,797,130465
Pendle,89452,54483,8631,316,26022,173,37,38,89204,732,104,56,88560,20457,9240,59755,4,1,0,89447,269,10,0,0,12,1,89160,3994,549,84909
Preston,140202,82432,14330,681,42759,490,80,95,139537,1364,258,131,138449,29267,15499,95436,4,0,3,140195,763,24,3,4,54,1,139353,10183,920,129099
Ribble Valley,57132,38892,7217,192,10831,173,43,38,56878,432,78,58,56564,8764,7523,40845,1,0,0,57131,195,15,1,0,16,1,56904,1103,189,55840
Rossendale,67982,47732,7096,224,12930,200,42,39,67701,452,81,44,67405,10566,7442,49974,2,0,1,67979,309,15,1,0,32,0,67625,1302,259,66421
South Ribble,109057,75589,13249,336,19883,374,81,81,108521,1071,205,86,107695,15670,13812,79575,5,0,1,109051,390,12,2,0,33,0,108620,2016,267,106774
West Lancashire,110685,77746,12200,331,20408,450,102,76,110057,711,115,73,109786,15829,12710,82146,3,0,1,110681,341,18,4,1,34,1,110286,2803,326,107556
Wyre,107749,75502,12353,274,19620,457,96,69,107127,1358,229,87,106075,15265,12956,79528,2,2,0,107745,272,19,2,0,10,0,107446,1815,256,105678
Knowsley,145893,112364,12949,273,20307,368,57,75,145393,472,73,57,145291,17122,13317,115454,0,0,1,145892,403,8,1,0,31,0,145450,1847,291,143755
Liverpool,466415,311203,38580,2011,114621,2971,493,485,462466,1961,297,309,463848,70184,41673,354558,22,6,6,466381,4190,93,75,4,282,3,461768,33918,2737,429760
Sefton,273790,192363,27952,860,52615,1182,184,215,272209,1928,365,161,271336,40941,29220,203629,4,0,3,273783,1290,51,5,2,81,8,272353,6933,848,266009
St. Helens,175308,131772,17981,343,25212,494,82,97,174635,708,97,51,174452,20732,18477,136099,1,1,1,175305,514,16,3,1,37,0,174737,2648,380,172280
Wirral,319783,221714,33325,1323,63421,2252,414,484,316633,1994,362,253,317174,50502,35302,233979,8,0,5,319770,1447,68,6,2,137,6,318117,6423,1189,312171
East Riding of Yorkshire,334179,235404,38155,968,59652,973,197,193,332816,2794,600,266,330519,47152,39794,247233,4,1,8,334166,551,28,0,0,52,3,333545,7035,915,326229
"Kingston upon Hull, City of",256406,180356,25271,709,50070,417,79,113,255797,1364,203,156,254683,30163,26270,199973,6,0,5,256395,327,16,1,0,33,0,256029,17076,919,238411
North East Lincolnshire,159616,117305,16755,376,25180,378,53,70,159115,1269,172,107,158068,18832,17295,123489,3,0,0,159613,241,7,1,2,21,0,159344,4057,395,155164
North Lincolnshire,167446,116734,17425,496,32791,587,101,108,166650,1782,246,137,165281,22281,18203,126962,4,0,1,167441,441,13,2,0,19,0,166971,7184,489,159773
York,198051,121597,23303,1287,51864,816,201,241,196793,2385,569,315,194782,34315,25430,138306,25,3,7,198016,657,41,6,5,75,2,197265,12335,1401,184315
Craven,55409,37355,6854,235,10965,159,37,41,55172,484,93,73,54759,8747,7160,39502,1,0,1,55407,145,5,1,0,8,0,55250,1268,197,53944
Hambleton,89140,59189,10870,364,18717,418,94,72,88556,1292,322,114,87412,14446,11592,63102,4,0,0,89136,181,9,2,1,25,0,88922,1793,300,87047
Harrogate,157869,97451,18715,901,40802,723,177,137,156832,2380,548,256,154685,26956,20211,110702,10,1,4,157854,438,18,2,2,44,0,157365,9229,824,147816
Richmondshire,51965,32942,5815,249,12959,397,71,50,51447,1385,248,86,50246,8209,6377,37379,3,0,0,51962,106,11,0,0,8,0,51840,2273,187,49505
Ryedale,51751,35250,6517,238,9746,158,31,31,51531,503,114,67,51067,7553,6856,37342,2,2,0,51747,166,1,2,0,15,5,51562,1225,223,50303
Scarborough,108793,76293,12201,378,19921,311,57,95,108330,1228,191,84,107290,14666,12773,81354,1,1,4,108787,161,12,2,0,14,1,108603,3147,365,105281
Selby,83449,57302,10045,301,15801,333,61,51,83004,837,180,85,82347,11870,10524,61055,8,1,0,83440,211,9,0,0,22,0,83207,2274,263,80912
Barnsley,231221,173678,23759,338,33446,531,53,71,230566,1216,139,83,229783,26012,24288,180921,3,0,5,231213,328,9,1,2,20,0,230861,5041,380,225800
Doncaster,302402,215861,30413,816,55312,935,128,144,301195,3103,414,214,298671,37581,31645,233176,14,1,3,302384,694,22,3,1,79,0,301603,12290,824,289288
Rotherham,257280,187319,26136,614,43211,523,66,114,256577,1361,199,110,255610,33062,26993,197225,2,0,3,257275,459,21,0,0,41,0,256759,7415,752,249113
Sheffield,552698,348911,54606,2933,146248,1592,391,531,550184,2564,507,511,549116,97709,58989,396000,20,2,11,552665,1636,88,11,13,263,0,550687,40453,4078,508167
Bradford,522452,280710,43376,2142,196224,922,171,242,521117,2784,463,294,518911,146201,47956,328295,9,0,4,522439,1502,54,7,2,131,2,520754,41687,4571,476194
Calderdale,203826,135107,20427,697,47595,561,88,104,203073,1437,212,160,202017,36825,21528,145473,5,1,3,203817,984,40,5,1,75,0,202721,7496,951,195379
Kirklees,422458,262308,40220,1538,118392,981,184,201,421092,2584,377,237,419260,92205,42862,287391,12,2,5,422439,1621,45,5,5,129,1,420652,19886,2437,400135
Leeds,751485,465134,74838,3817,207696,2241,439,644,748161,6227,1099,740,743419,139325,80859,531301,38,7,9,751431,4162,162,29,14,383,5,746730,53205,5219,693061
Wakefield,325837,233423,33817,817,57780,730,121,128,324858,2440,349,205,322843,41786,35120,248931,7,1,0,325829,556,23,4,1,53,1,325199,11385,988,313464
Derby,248752,151262,21577,1202,74711,863,147,213,247529,1733,325,217,246477,49752,23560,175440,12,3,2,248735,1464,61,2,2,94,2,247127,20223,1796,226733
Leicester,329839,134304,19884,1869,173782,793,154,241,328651,1559,191,233,327856,111103,23574,195162,23,1,8,329807,1674,61,12,2,147,2,327941,56692,3973,269174
Nottingham,305680,170502,22852,2080,110246,1081,209,315,304075,2012,307,333,303028,63614,25713,216353,38,5,12,305625,1775,80,8,5,171,2,303639,40625,3025,262030
Rutland,37369,24467,4060,330,8512,301,61,78,36929,527,121,98,36623,6158,4509,26702,3,0,1,37365,115,7,2,0,26,0,37219,1080,294,35995
Amber Valley,122309,90250,12599,363,19097,406,95,99,121709,682,142,67,121418,15467,13134,93708,2,3,1,122303,245,14,3,0,33,1,122013,2009,332,119968
Bolsover,75866,57317,7679,166,10704,186,29,48,75603,394,57,32,75383,8473,7887,59506,4,0,2,75860,106,3,0,0,7,0,75750,1424,147,74295
Chesterfield,103788,75720,11138,288,16642,262,62,59,103405,583,122,70,103013,13201,11554,79033,4,1,0,103783,239,9,1,0,23,2,103514,2169,254,101365
Derbyshire Dales,71116,49073,8348,315,13380,357,82,70,70607,463,119,80,70454,10948,8816,51352,7,0,1,71108,191,5,1,2,21,2,70894,1188,259,69669
Erewash,112081,81916,10988,377,18800,390,79,97,111515,834,125,77,111045,14977,11475,85629,8,1,5,112067,343,15,2,0,20,3,111698,2050,319,109712
High Peak,90892,62799,10283,380,17430,424,100,111,90257,689,130,98,89975,13950,10849,66093,3,2,3,90884,342,15,1,0,31,0,90503,1797,331,88764
North East Derbyshire,99023,73853,10980,207,13983,252,46,56,98669,436,99,44,98444,11820,11302,75901,1,0,0,99022,153,6,0,0,15,0,98849,1146,199,97678
South Derbyshire,94611,67231,10287,397,16696,487,88,93,93943,777,157,84,93593,13065,10853,70693,10,0,2,94599,248,19,0,0,43,0,94301,1806,391,92414
Blaby,93915,65267,9122,332,19194,401,70,75,93369,650,142,68,93055,14913,9693,69309,4,1,0,93910,314,6,1,0,29,0,93565,2616,431,90868
Charnwood,166100,105858,16539,981,42722,859,195,218,164828,1236,227,220,164417,30707,18096,117297,10,3,8,166079,586,21,5,1,71,1,165415,8500,1184,156416
Harborough,85382,58215,8933,444,17790,553,117,114,84598,841,181,103,84257,13602,9563,62217,6,1,0,85375,305,8,1,1,39,0,85028,2176,362,82844
Hinckley and Bosworth,105078,75976,10886,359,17857,550,109,103,104316,768,125,89,104096,13852,11405,79821,8,1,4,105065,251,13,0,0,17,0,104797,2168,302,102608
Melton,50376,35561,5160,196,9459,280,45,57,49994,506,84,45,49741,6989,5460,37927,4,1,1,50370,154,9,1,0,13,0,50199,1362,183,48831
North West Leicestershire,93468,67187,9597,342,16342,459,80,98,92831,948,138,93,92289,12267,10063,71138,9,0,0,93459,251,6,3,0,22,0,93186,2159,277,91032
Oadby and Wigston,56170,32891,4711,256,18312,228,32,46,55864,343,50,42,55735,14576,5221,36373,2,2,0,56166,263,5,0,0,17,3,55882,2693,459,53018
Boston,64637,42589,5506,199,16343,159,25,25,64428,345,75,30,64187,6497,5770,52370,1,1,2,64633,118,1,0,0,14,0,64504,9029,257,55351
East Lindsey,136401,100967,13614,418,21402,565,105,111,135620,1186,173,78,134964,16378,14262,105761,6,2,1,136392,251,13,1,2,26,0,136108,2570,368,133463
Lincoln,93541,61148,9980,499,21914,376,63,95,93007,981,176,114,92270,13347,10629,69565,15,0,3,93523,431,22,1,0,35,1,93051,6492,497,86552
North Kesteven,107766,73570,11589,438,22169,718,168,115,106765,1498,304,122,105842,16610,12431,78725,18,2,3,107743,279,14,1,2,30,0,107440,2389,327,105050
South Holland,88270,61531,8320,310,18109,263,47,42,87918,652,90,52,87476,9849,8626,69795,5,0,2,88263,151,2,0,0,18,0,88099,6992,296,80982
South Kesteven,133788,90963,14428,638,27759,708,148,143,132789,1381,312,145,131950,19327,15416,99045,14,2,6,133766,374,11,3,0,48,1,133351,5298,618,127872
West Lindsey,89250,62782,9847,285,16336,409,106,70,88665,948,197,97,88008,12873,10397,65980,6,1,2,89241,231,17,4,2,13,1,88982,1499,252,87499
Corby,61255,33018,3884,379,23974,308,27,31,60889,5585,605,203,54862,10299,4793,46163,2,0,1,61252,520,11,2,2,24,0,60696,6640,322,54293
Daventry,77843,52439,8047,427,16930,550,71,94,77128,850,145,92,76756,12256,8572,57015,9,0,2,77832,322,19,2,0,27,2,77471,2701,389,74753
East Northamptonshire,86765,60503,8380,479,17403,472,73,122,86098,860,173,110,85622,12369,8987,65409,10,0,3,86752,380,13,0,0,18,0,86354,3079,429,83257
Kettering,93475,63266,8444,459,21306,468,71,89,92847,1251,167,95,91962,13773,9057,70645,6,1,1,93467,413,27,2,0,40,0,92993,5140,512,87823
Northampton,212069,128463,16545,1272,65789,1005,159,214,210691,1985,292,176,209616,37281,18274,156514,15,2,5,212047,1972,42,5,1,122,2,209925,23562,1697,186810
South Northamptonshire,85189,57658,8813,455,18263,613,132,123,84321,821,199,113,84056,13711,9542,61936,6,3,6,85174,371,15,2,0,26,0,84775,2393,432,82364
Wellingborough,75356,48570,6412,371,20003,344,49,73,74890,673,91,63,74529,12920,6896,55540,2,1,1,75352,387,15,1,0,29,2,74922,5520,449,69387
Ashfield,119497,90902,11208,256,17131,305,52,67,119073,521,77,50,118849,13784,11556,94157,4,1,6,119486,178,10,2,0,7,0,119300,2136,246,117115
Bassetlaw,112863,82099,10906,354,19504,426,65,83,112289,941,159,87,111676,14244,11347,87272,3,0,2,112858,214,2,0,0,21,0,112626,3450,298,109115
Broxtowe,109487,73496,10843,531,24617,454,112,139,108782,805,185,107,108390,17422,11710,80355,14,3,0,109470,351,21,1,1,42,0,109071,5069,605,103813
Gedling,113543,80102,10325,447,22669,434,79,77,112953,775,133,72,112563,17566,10929,85048,8,0,4,113531,523,31,1,0,42,0,112946,3230,524,109789
Mansfield,104466,76617,9490,272,18087,318,42,51,104055,894,104,50,103418,12330,9806,82330,5,0,1,104460,260,8,0,0,19,1,104178,4160,267,100039
Newark and Sherwood,114817,80862,11362,419,22174,521,98,98,114100,1143,194,112,113368,16212,12028,86577,5,0,1,114811,374,9,1,0,32,1,114400,3595,403,110819
Rushcliffe,111129,69516,12559,704,28350,785,172,179,109993,1185,251,139,109554,21829,13646,75654,18,1,4,111106,438,24,3,2,53,1,110608,3488,750,106891
"Herefordshire, County of",183477,117750,17416,1336,46975,6657,931,816,175073,1402,281,187,181607,28651,19499,135327,29,3,9,183436,408,17,0,1,73,3,182975,8356,794,174327
Shropshire,306129,203761,28775,2144,71449,9828,1426,1336,293539,2139,424,282,303284,48086,31995,226048,19,5,6,306099,921,30,0,1,75,1,305101,8270,1102,296757
Stoke-on-Trent,249008,173463,22720,733,52092,923,120,175,247790,1034,137,139,247698,36702,23854,188452,10,0,1,248997,391,22,2,0,32,0,248561,12230,1049,235729
Telford and Wrekin,166641,113223,15734,785,36899,1839,318,265,164219,1447,271,189,164734,25339,16900,124402,18,2,3,166618,436,13,5,0,26,4,166157,6961,609,159071
Cannock Chase,97462,74057,9503,201,13701,583,60,58,96761,731,109,38,96584,10835,9825,76802,0,0,0,97462,184,11,1,0,16,0,97250,1186,172,96104
East Staffordshire,113583,75151,11454,430,26548,583,100,114,112786,839,159,73,112512,18133,12165,83285,6,1,1,113575,331,11,1,0,31,0,113209,6240,504,106839
Lichfield,100654,71093,10859,375,18327,680,121,123,99730,664,125,71,99794,14373,11439,74842,2,4,2,100646,336,16,2,0,16,0,100284,2032,331,98291
Newcastle-under-Lyme,123871,88396,12568,475,22432,687,133,135,122916,621,114,83,123053,16682,13247,93942,6,1,5,123859,224,10,0,1,21,1,123614,3762,499,119610
South Staffordshire,108131,81315,10577,310,15929,671,120,127,107213,450,91,52,107538,12981,11033,84117,1,0,4,108126,289,14,3,1,26,0,107798,1353,248,106530
Stafford,130869,88284,13691,612,28282,1115,204,152,129398,1110,243,156,129360,20462,14631,95776,13,5,3,130848,455,22,1,0,57,1,130333,4570,532,125767
Staffordshire Moorlands,97106,70882,11061,261,14902,416,82,80,96528,473,79,34,96520,12519,11397,73190,4,0,0,97102,136,6,0,0,15,0,96949,1143,208,95755
Tamworth,76813,57029,7879,241,11664,388,63,76,76286,470,76,40,76227,8722,8190,59901,1,0,1,76811,300,15,1,0,20,0,76477,1729,210,74874
North Warwickshire,62014,46556,5777,154,9527,287,74,46,61607,425,49,36,61504,7513,6026,48475,3,0,1,62010,234,11,2,1,24,0,61742,1016,128,60870
Nuneaton and Bedworth,125252,87278,11670,366,25938,774,89,87,124302,1368,202,90,123592,18489,12361,94402,4,3,2,125243,371,20,2,0,37,0,124822,4564,454,120234
Rugby,100075,61677,9611,642,28145,923,174,155,98823,1171,217,136,98551,17335,10625,72115,5,3,2,100065,614,23,1,1,66,0,99370,7637,720,91718
Stratford-on-Avon,120485,79774,12943,787,26981,1187,262,216,118820,1117,242,159,118967,19294,14060,87131,16,3,5,120461,526,21,3,0,56,0,119879,4340,708,115437
Warwick,137648,80395,14818,1151,41284,1193,296,288,135871,1267,334,220,135827,27106,16565,93977,34,5,8,137601,1330,40,5,1,80,2,136190,10009,1267,126372
Birmingham,1073045,526906,71656,6035,468448,4404,705,864,1067072,4290,680,669,1067406,326793,82705,663547,51,8,20,1072966,13421,400,50,6,790,16,1058362,120646,11812,940587
Coventry,316960,171486,22876,1895,120703,2021,269,352,314318,3134,402,288,313136,67284,25954,223722,21,3,10,316926,4640,125,10,3,232,5,311945,44594,2937,269429
Dudley,312925,227438,29650,889,54948,1249,219,254,311203,930,149,146,311700,44179,30868,237878,5,1,10,312909,644,27,0,0,82,3,312169,7342,1055,304528
Sandwell,308063,187954,20835,1014,98260,764,99,117,307083,695,79,101,307188,67837,22626,217600,0,0,2,308061,1211,32,7,1,104,2,306706,27162,2030,278871
Solihull,206674,138712,19931,995,47036,1370,250,273,204781,1267,287,158,204962,35439,21519,149716,8,1,3,206662,2216,76,2,1,152,4,204223,7296,1171,198207
Walsall,269323,183569,20813,716,64225,775,123,142,268283,694,109,63,268457,49155,22154,198014,2,0,1,269320,649,16,0,0,45,0,268613,12190,1341,255792
Wolverhampton,249470,149893,17610,1087,80880,984,123,226,248137,728,99,132,248511,55282,19306,174882,9,1,3,249457,962,25,1,0,72,0,248410,22177,1795,225498
Bromsgrove,93637,65939,9768,384,17546,836,155,123,92523,475,118,62,92982,13803,10332,69502,4,3,4,93626,491,22,0,2,41,0,93081,1864,335,91438
Malvern Hills,74631,49042,8566,529,16494,1136,258,221,73016,502,119,110,73900,12244,9354,53033,8,1,4,74618,186,15,0,2,26,3,74399,1921,371,72339
Redditch,84214,57240,8039,310,18625,597,97,87,83433,452,95,37,83630,12639,8558,63017,8,0,4,84202,348,22,0,0,26,0,83818,4366,393,79455
Worcester,98768,64082,10340,618,23728,1206,234,201,97127,606,133,95,97934,16054,11209,71505,14,4,8,98742,366,19,3,2,31,0,98347,5054,570,93144
Wychavon,116944,79350,12783,607,24204,1352,275,218,115099,802,179,102,115861,16997,13668,86279,7,1,6,116930,316,14,0,0,36,1,116577,4216,470,112258
Wyre Forest,97975,70956,9645,341,17033,780,172,115,96908,473,88,62,97352,13258,10182,74535,6,4,0,97965,253,13,1,0,19,0,97689,2001,303,95671
Bedford,157479,87108,12528,1325,56518,814,146,192,156327,1327,253,157,155742,34662,14471,108346,13,1,10,157455,1017,40,2,3,76,0,156341,17722,2067,137690
Central Bedfordshire,254381,171180,24656,1552,56993,1544,332,329,252176,2574,515,265,251027,39006,26791,188584,24,8,11,254338,2057,52,5,0,149,4,252114,11718,1668,240995
Luton,203201,85071,10914,1331,105885,568,101,112,202420,1616,207,119,201259,62833,13573,126795,5,2,6,203188,4461,78,10,0,189,2,198461,37912,2985,162304
Peterborough,183631,101618,14248,1157,66608,763,157,154,182557,1919,334,143,181235,35196,15970,132465,5,1,4,183621,807,34,4,5,57,1,182723,26881,1726,155024
Southend-on-Sea,173658,117478,15367,881,39932,601,93,129,172835,1188,220,121,172129,26543,16596,130519,3,2,5,173648,1001,36,6,2,70,1,172542,10349,1238,162071
Thurrock,157705,107291,12207,680,37527,475,67,70,157093,719,73,73,156840,23288,13194,121223,7,1,5,157692,754,23,2,0,51,3,156872,12019,1180,144506
Cambridge,123867,50472,12254,2229,58912,650,197,308,122712,1347,478,357,121685,26236,15650,81981,24,7,8,123828,1224,60,8,9,120,5,122441,27752,3309,92806
East Cambridgeshire,83818,53794,8788,644,20592,369,82,107,83260,781,203,118,82716,12747,9644,61427,7,0,1,83810,358,5,1,0,41,0,83413,5925,752,77141
Fenland,95262,67511,8709,312,18730,331,52,54,94825,665,98,61,94438,10838,9057,75367,8,0,0,95254,237,9,0,0,25,0,94991,6475,305,88482
Huntingdonshire,169508,110293,16554,1041,41620,1056,208,205,168039,1968,398,238,166904,26586,18093,124829,12,3,7,169486,680,31,2,0,42,0,168753,10463,1138,157907
South Cambridgeshire,148755,88445,16830,1632,41848,852,228,300,147375,1438,464,290,146563,27372,19174,102209,11,12,9,148723,715,40,6,7,84,4,147899,10070,2057,136628
Basildon,174497,126907,15291,654,31645,587,111,92,173707,950,155,116,173276,22145,16258,136094,6,0,2,174489,870,20,1,1,37,1,173567,7012,883,166602
Braintree,147084,104148,14471,642,27823,482,95,115,146392,985,178,116,145805,20337,15259,111488,13,1,3,147067,727,22,0,1,72,2,146260,5213,682,141189
Brentwood,73601,51046,6671,433,15451,325,65,54,73157,426,88,55,73032,10859,7269,55473,3,2,1,73595,597,13,3,2,61,0,72925,3254,622,69725
Castle Point,88011,68241,7602,244,11924,238,16,46,87711,420,54,45,87492,9678,7868,70465,8,1,2,88000,318,4,0,0,18,0,87671,1308,247,86456
Chelmsford,168310,115298,16816,886,35310,666,144,161,167339,1139,261,151,166759,24953,18071,125286,19,0,6,168285,1016,37,2,2,67,0,167186,7401,1057,159852
Colchester,173074,111060,17458,1052,43504,773,119,199,171983,1625,298,173,170978,27227,19003,126844,15,2,4,173053,694,26,2,8,82,2,172260,12354,1348,159372
Epping Forest,124659,85819,10067,727,28046,397,95,76,124091,645,138,96,123780,20069,11072,93518,6,2,5,124646,926,35,3,1,82,0,123612,5949,1099,117611
Harlow,81944,56036,6556,393,18959,314,31,64,81535,536,78,47,81283,11221,7098,63625,5,0,6,81933,603,8,2,0,31,0,81300,6314,596,75034
Maldon,61629,45024,6208,217,10180,229,47,57,61296,349,70,47,61163,8190,6496,46943,6,1,3,61619,232,9,0,2,25,0,61361,1137,206,60286
Rochford,83287,62793,7893,226,12375,282,46,58,82901,406,88,35,82758,10051,8193,65043,4,1,1,83281,291,5,0,0,18,0,82973,1311,218,81758
Tendring,138048,104394,12228,442,20984,495,65,94,137394,870,132,101,136945,16154,12727,109167,6,0,2,138040,588,14,0,1,40,1,137404,2912,403,134733
Uttlesford,79443,52859,8186,582,17816,420,77,123,78823,688,171,116,78468,12727,8925,57791,5,3,2,79433,384,15,2,1,44,0,78997,3310,611,75522
Broxbourne,93609,63096,6839,616,23058,262,41,53,93253,419,59,49,93082,14528,7611,71470,4,1,2,93602,827,19,3,0,66,3,92691,7102,1011,85496
Dacorum,144847,92153,14023,1063,37608,837,148,215,143647,1287,318,178,143064,25713,15566,103568,22,2,3,144820,1234,35,1,1,107,1,143468,8360,1308,135179
East Hertfordshire,137687,91027,14287,1010,31363,682,171,192,136642,1132,290,173,136092,21455,15650,100582,12,0,0,137675,1008,30,0,3,80,0,136566,6868,1122,129697
Hertsmere,100031,58028,8395,759,32849,463,82,96,99390,641,132,83,99175,20942,9622,69467,7,0,4,100020,1359,33,5,0,75,0,98559,9586,1333,89112
North Hertfordshire,127114,78932,12388,1026,34768,678,192,212,126032,1296,284,154,125380,24596,13849,88669,9,3,8,127094,896,24,2,1,78,1,126112,6883,1199,119032
St Albans,140664,78019,15174,1701,45770,964,257,318,139125,1429,436,241,138558,30770,17511,92383,12,4,6,140642,1638,69,8,2,154,1,138792,10599,2088,127977
Stevenage,83957,54733,7414,452,21358,398,65,72,83422,746,116,68,83027,13818,8221,61918,13,2,2,83940,651,22,3,0,28,0,83253,5590,761,77606
Three Rivers,87317,52815,7750,720,26032,450,96,146,86625,713,186,121,86297,18023,8791,60503,15,1,3,87298,1051,38,2,0,77,1,86148,5850,946,80521
Watford,90301,45131,6236,777,38157,426,93,70,89712,665,97,99,89440,21896,7512,60893,12,4,5,90280,1395,38,1,2,90,0,88775,13940,1398,74963
Welwyn Hatfield,110535,64651,9152,933,35799,590,137,162,109646,995,219,131,109190,20058,10547,79930,11,1,9,110514,1159,30,2,1,76,5,109262,12839,1353,96343
Breckland,130491,89834,13162,600,26895,519,82,102,129788,1035,209,111,129136,16117,13845,100529,25,5,4,130457,369,12,0,2,20,0,130088,8514,571,121406
Broadland,124646,87909,14541,417,21779,441,102,74,124029,883,184,88,123491,17361,15190,92095,7,0,2,124637,222,10,1,2,26,1,124384,2425,469,121752
Great Yarmouth,97277,70483,9186,279,17329,299,39,55,96884,818,113,58,96288,11255,9544,76478,4,0,0,97273,237,7,0,0,8,0,97025,4549,287,92441
King`s Lynn and West Norfolk,147451,103248,14877,608,28718,589,123,115,146624,1140,205,127,145979,17986,15666,113799,10,1,3,147437,341,11,1,0,39,0,147059,8160,593,138698
North Norfolk,101499,73164,10695,411,17229,376,76,110,100937,750,141,106,100502,13579,11196,76724,13,0,1,101485,210,7,0,0,17,1,101264,2045,298,99156
Norwich,132512,81167,13613,1044,36688,457,94,164,131797,986,188,174,131164,21457,14968,96087,15,2,1,132494,590,20,0,3,91,0,131808,12627,1311,118574
South Norfolk,124012,85813,14494,651,23054,437,82,157,123336,915,177,145,122775,17971,15257,90784,14,1,5,123992,261,11,2,1,38,0,123699,3066,602,120344
Babergh,87740,61714,9620,395,16011,354,90,78,87218,656,157,97,86830,12362,10162,65216,5,1,2,87732,260,18,1,2,28,0,87431,2104,345,85291
Forest Heath,59748,34795,4631,485,19837,258,32,62,59396,502,74,59,59113,6524,5053,48171,4,1,1,59742,371,12,0,0,19,0,59346,12156,565,47027
Ipswich,133384,87277,13113,745,32249,365,66,122,132831,803,116,105,132360,19397,13969,100018,12,1,1,133370,375,9,1,0,51,0,132948,10819,942,121623
Mid Suffolk,96731,67401,11457,454,17419,397,91,97,96146,711,148,83,95789,13720,12052,70959,7,1,2,96721,210,4,2,1,14,0,96500,2064,444,94223
St Edmundsbury,111008,74725,11153,600,24530,463,108,94,110343,1026,173,138,109671,16025,11940,83043,9,3,4,110992,426,17,0,1,42,1,110521,6185,653,104170
Suffolk Coastal,124298,85094,13643,728,24833,531,104,130,123533,1156,199,193,122750,18643,14537,91118,9,1,2,124286,369,18,0,2,39,0,123870,3696,693,119909
Waveney,115254,83141,12727,459,18927,412,69,121,114652,859,141,113,114141,14735,13228,87291,12,0,3,115239,245,5,1,0,33,0,114970,2442,370,112442
Camden,220338,67921,11406,3973,137038,1136,266,431,218505,2288,456,518,217076,65960,17842,136536,44,4,11,220279,5081,142,16,11,292,4,214792,61640,7614,151084
City of London,7375,2569,493,130,4183,65,15,16,7279,109,26,12,7228,1901,740,4734,0,1,2,7372,102,9,0,0,12,0,7252,1871,248,5256
Hackney,246270,77171,12479,3605,153015,1061,228,332,244649,2056,394,397,243423,86597,18604,141069,39,5,15,246211,3980,123,27,11,257,4,241868,57361,7369,181540
Hammersmith and Fulham,182493,60035,9343,3352,109763,924,250,377,180942,1811,471,475,179736,48624,14462,119407,30,3,12,182448,4647,101,21,14,210,6,177494,53410,6116,122967
Haringey,254926,70112,12361,3973,168480,1159,237,342,253188,1849,427,383,252267,85904,19040,149982,26,6,10,254884,5006,134,12,11,285,6,249472,73065,8187,173674
Islington,206125,73921,11396,3214,117594,1160,289,406,204270,2346,518,403,202858,60537,16503,129085,24,2,17,206082,5777,113,32,22,323,7,199851,48415,5769,151941
Kensington and Chelsea,158649,44528,5951,3491,104679,615,126,236,157672,1442,322,368,156517,38466,10619,109564,19,1,4,158625,2645,81,5,5,177,0,155736,59893,6352,92404
Lambeth,303086,94587,16980,4402,187117,1698,428,485,300475,2754,667,548,299117,98505,23677,180904,45,9,26,303006,5631,142,32,15,325,10,296931,77626,7696,217764
Lewisham,275885,100620,15411,3261,156593,1068,275,352,274190,1962,410,353,273160,90502,20871,164512,34,10,24,275817,3784,107,15,10,246,4,271719,57808,6357,211720
Newham,307984,63611,9289,2402,232682,433,66,91,307394,796,120,104,306964,121228,14518,172238,6,2,15,307961,1654,41,4,0,76,1,306208,105178,6541,196265
Southwark,288283,93316,15630,3655,175682,1349,334,460,286140,2348,515,428,284992,93251,22086,172946,34,3,18,288228,4798,108,13,3,270,3,283088,72565,7123,208595
Tower Hamlets,254096,65305,10281,2507,176003,965,262,249,252620,1840,424,284,251548,103038,16019,135039,22,6,12,254056,2807,79,16,3,167,7,251017,64444,6177,183475
Wandsworth,306995,113833,20540,4938,167684,2040,531,678,303746,3248,817,712,302218,84248,27833,194914,54,10,29,306902,5818,133,32,14,338,10,300650,71203,8059,227733
Westminster,219396,56717,8452,3498,150729,1001,205,262,217928,1839,393,360,216804,61636,14554,143206,21,10,12,219353,3376,81,19,11,170,0,215739,80368,7485,131543
Barking and Dagenham,185911,86973,9022,1124,88792,267,42,71,185531,563,68,65,185215,49581,11273,125057,4,1,0,185906,1292,12,4,0,66,0,184537,36176,2810,146925
Barnet,356386,128115,19613,4639,204019,1227,253,315,354591,1858,374,296,353858,113774,27382,215230,15,10,6,356355,6036,183,9,4,372,1,349781,79842,9815,266729
Bexley,231997,149226,17032,1231,64508,656,116,127,231098,1072,169,155,230601,43178,19175,169644,9,2,2,231984,1644,51,5,0,125,3,230169,17489,2394,212114
Brent,311215,62489,9899,3309,235518,643,125,193,310254,1131,181,194,309709,126155,16426,168634,19,5,5,311186,9120,173,8,9,298,7,301600,101089,8140,201986
Bromley,309392,184798,26635,2586,95373,1337,275,386,307394,2395,496,316,306185,63696,30545,215151,24,6,4,309358,2847,89,7,4,236,1,306208,24319,4057,281016
Croydon,363378,157306,22468,2955,180649,1137,207,311,361723,1910,411,316,360741,115858,27985,219535,22,6,9,363341,3630,90,17,5,217,2,359417,56492,6159,300727
Ealing,338449,88667,14169,4054,231559,1407,288,375,336379,1886,381,319,335863,120767,21674,196008,26,8,15,338400,7598,187,18,12,351,6,330277,100138,9104,229207
Enfield,312466,114445,14481,3799,179741,724,140,228,311374,1281,223,222,310740,111392,20864,180210,23,3,4,312436,4450,120,6,7,286,5,307592,60237,8346,243883
Greenwich,254557,112447,14385,2486,125239,928,189,274,253166,1679,334,313,252231,65869,18731,169957,12,2,8,254535,2975,87,9,8,199,5,251274,52491,4970,197096
Harrow,239056,68768,11206,2035,157047,773,144,172,237967,896,202,163,237795,99538,15625,123893,6,1,5,239044,5332,102,8,5,226,0,233383,51515,5040,182501
Havering,237232,165188,18182,1000,52862,664,79,124,236365,984,165,110,235973,36201,19658,181373,7,2,0,237223,2037,46,1,0,110,0,235038,13486,1680,222066
Hillingdon,273936,124821,15839,2143,131133,1163,226,236,272311,1529,300,232,271875,77497,19873,176566,13,0,6,273917,4113,102,10,1,215,0,269495,46895,4474,222567
Hounslow,253957,83751,11298,2570,156338,900,174,242,252641,1464,283,228,251982,83108,16219,154630,24,4,8,253921,3473,75,10,6,217,1,250175,66142,5721,182094
Kingston upon Thames,160060,72828,12030,2155,73047,989,235,321,158515,1249,298,238,158275,40342,15353,104365,33,1,14,160012,1828,60,2,1,145,3,158021,27406,3676,128978
Merton,199693,74514,11861,2757,110561,874,227,235,198357,1369,321,286,197717,57129,16306,126258,16,1,10,199666,3124,99,9,6,224,2,196229,47041,5296,147356
Redbridge,278970,93876,14089,2025,168980,573,137,149,278111,989,161,134,277686,110639,18852,149479,18,2,6,278944,2821,73,7,5,160,3,275901,52200,5507,221263
Richmond upon Thames,186990,85903,15741,3156,82190,1598,399,469,184524,2155,615,495,183725,46002,20476,120512,39,11,17,186923,3375,120,11,1,265,3,183215,28199,4830,153961
Sutton,190146,108147,14123,1451,66425,738,176,198,189034,1163,212,141,188630,41024,16697,132425,18,0,6,190122,2064,73,4,5,130,3,187867,21048,2753,166345
Waltham Forest,258249,88582,12030,2662,154975,680,137,196,257236,1270,190,203,256586,84661,16767,156821,11,4,5,258229,2868,65,9,6,179,1,255121,63860,5906,188483
Bracknell Forest,113205,69000,11044,921,32240,837,206,178,111984,1132,269,157,111647,20023,12505,80677,18,1,3,113183,624,16,1,0,44,0,112520,8904,1223,103078
Brighton and Hove,273369,151073,25461,3121,93714,1736,329,585,270719,2488,468,482,269931,58000,29121,186248,93,7,18,273251,2581,88,9,7,289,5,270390,28182,3805,241382
Isle of Wight,138265,96169,14739,705,26652,930,157,190,136988,1050,194,151,136870,20188,15594,102483,16,4,2,138243,477,10,0,0,40,0,137738,3654,639,133972
Medway,263925,177241,23492,1191,62001,914,157,192,262662,1761,290,217,261657,42060,25199,196666,21,3,2,263899,1324,56,2,0,97,0,262446,15514,1574,246837
Milton Keynes,248821,140347,20392,1861,86221,1470,256,292,246803,3092,495,321,244913,50697,23390,174734,13,5,10,248793,1667,55,5,2,131,2,246959,28027,2844,217950
Portsmouth,205056,128053,19490,1266,56247,1292,226,260,203278,1873,349,254,202580,35945,21341,147770,41,6,19,204990,635,25,5,5,76,2,204308,15312,1586,188158
Reading,155698,75664,13400,1481,65153,1249,344,274,153831,1125,284,199,154090,32692,15877,107129,29,10,12,155647,1669,51,2,3,94,0,153879,27713,2283,125702
Slough,140205,47868,6416,1065,84856,564,70,121,139450,676,102,56,139371,49093,8563,82549,10,1,1,140193,1167,26,4,0,44,0,138964,32500,2495,105210
Southampton,236882,136407,22166,1703,76606,1330,299,314,234939,1770,296,287,234529,41396,24639,170847,51,8,24,236799,1107,49,6,4,113,3,235600,29603,2367,204912
West Berkshire,153822,96550,17273,1371,38628,1404,378,334,151706,1586,404,309,151523,26288,19266,108268,26,1,18,153777,851,45,4,2,84,4,152832,7556,1420,144846
Windsor and Maidenhead,144560,79193,13181,1661,50525,1305,274,282,142699,1751,451,263,142095,30723,15610,98227,13,4,7,144536,1422,57,1,4,107,1,142968,14427,2222,127911
Wokingham,154380,88454,17852,1425,46649,1370,411,309,152290,1590,492,256,152042,32098,20309,101973,19,5,6,154350,946,26,3,5,117,1,153282,9371,1828,143181
Aylesbury Vale,174137,107812,17176,1322,47827,1263,266,284,172324,1638,344,283,171872,33163,19012,121962,29,7,3,174098,1026,33,4,0,105,2,172967,9979,1487,162671
Chiltern,92635,55360,10138,920,26217,626,218,202,91589,912,290,167,91266,18322,11606,62707,19,1,5,92610,742,59,3,1,86,1,91743,5067,1115,86453
South Bucks,66867,38795,5653,582,21837,505,119,95,66148,712,207,86,65862,14566,6582,45719,9,0,6,66852,773,21,3,0,68,2,66000,5147,784,60936
Wycombe,171644,97400,16422,1522,56300,1248,290,296,169810,1576,368,242,169458,38527,18659,114458,22,7,12,171603,1048,23,2,2,81,4,170484,12888,1954,156802
Eastbourne,99412,64276,9349,688,25099,486,87,125,98714,951,151,124,98186,15486,10156,73770,13,1,1,99397,660,22,2,0,52,2,98674,7368,778,91266
Hastings,90254,60825,8097,552,20780,342,72,97,89743,635,90,78,89451,14644,8748,66862,8,1,9,90236,416,9,2,0,62,1,89764,4560,644,85050
Lewes,97502,64498,10101,719,22184,552,105,175,96670,724,156,164,96458,16393,10965,70144,15,0,9,97478,456,20,1,0,43,2,96980,3744,744,93014
Rother,90588,63475,8562,456,18095,419,72,112,89985,653,120,105,89710,13882,9154,67552,4,2,0,90582,340,14,4,0,24,1,90205,2552,478,87558
Wealden,148915,101854,15773,994,30294,722,182,213,147798,1081,230,180,147424,22588,16938,109389,20,2,7,148886,544,23,1,0,62,1,148284,4864,999,143052
Basingstoke and Deane,167799,104207,18216,1156,44220,1245,324,237,165993,1651,416,211,165521,29043,20065,118691,37,3,12,167747,879,31,2,1,70,1,166815,10551,1345,155903
East Hampshire,115608,73680,13041,877,28010,758,192,210,114448,1109,281,206,114012,20610,14280,80718,20,1,12,115575,397,15,1,0,50,0,115145,4434,878,110296
Eastleigh,125199,82146,14262,713,28078,801,177,176,124045,1031,224,152,123792,20773,15316,89110,17,5,12,125165,370,17,0,0,24,0,124788,4483,752,119964
Fareham,111581,73488,13293,470,24330,847,177,123,110434,1254,315,102,109910,18778,14253,78550,19,4,11,111547,269,15,1,0,27,0,111269,2452,461,108668
Gosport,82622,56043,8241,345,17993,637,131,89,81765,1302,243,89,80988,13130,8911,60581,12,2,4,82604,172,12,0,0,25,0,82413,2140,305,80177
Hart,91033,55837,10820,774,23602,910,206,153,89764,1083,313,168,89469,16322,12052,62659,15,4,4,91010,412,19,1,2,35,0,90564,4143,820,86070
Havant,120684,84849,12937,441,22457,691,132,117,119744,1019,198,97,119370,17604,13655,89425,26,1,9,120648,303,14,2,1,22,1,120341,2399,405,117880
New Forest,176462,119890,19609,984,35979,1422,276,263,174501,1530,316,214,174402,27130,20978,128354,32,1,19,176410,499,22,1,2,51,1,175886,4612,859,170991
Rushmoor,93807,55443,8631,612,29121,732,146,124,92805,1010,235,125,92437,15822,9737,68248,15,3,14,93775,452,25,0,1,44,0,93285,10431,822,82554
Test Valley,116398,74749,13159,781,27709,949,186,205,115058,1218,281,163,114736,20133,14294,81971,34,1,11,116352,350,22,1,2,50,3,115970,4377,731,111290
Winchester,116595,70568,14575,1135,30317,914,206,220,115255,1111,314,277,114893,21994,16038,78563,15,3,12,116565,454,20,2,0,66,1,116052,5047,1092,110456
Ashford,117956,79396,11602,573,26385,482,87,103,117284,840,140,127,116849,17686,12422,87848,9,1,3,117943,461,10,0,1,39,0,117445,6578,693,110685
Canterbury,151145,95561,14737,1199,39648,652,139,204,150150,1337,257,228,149323,25356,16282,109507,14,4,5,151122,829,33,4,2,73,2,150202,10815,1401,138929
Dartford,97365,65592,7907,464,23402,276,51,58,96980,414,76,69,96806,15384,8609,73372,5,2,8,97350,513,29,3,0,41,2,96777,6618,761,89986
Dover,111674,75555,11368,625,24126,656,96,130,110792,1038,166,134,110336,16908,12108,82658,8,1,6,111659,347,25,0,3,43,1,111255,4774,617,106283
Gravesham,101720,63664,8612,531,28913,253,51,55,101361,470,71,89,101090,18422,9318,73980,6,0,1,101713,558,18,0,0,44,0,101100,9022,820,91878
Maidstone,155143,103718,15565,775,35085,672,134,146,154191,981,207,124,153831,23314,16663,115166,20,1,5,155117,626,29,3,0,51,3,154431,9013,980,145150
Sevenoaks,114893,76867,11526,981,25519,505,121,202,114065,826,207,169,113691,18257,12673,83963,13,2,1,114877,627,22,4,2,52,1,114185,4929,1091,108873
Shepway,107969,72590,10302,571,24506,505,78,120,107266,1000,155,96,106718,16263,11050,80656,12,1,1,107955,457,18,0,0,38,0,107456,5987,616,101366
Swale,135835,96840,13705,607,24683,428,84,109,135214,711,115,84,134925,18333,14328,103174,8,2,1,135824,526,17,0,0,44,4,135244,4592,630,130613
Thanet,134186,92109,12381,667,29029,765,78,138,133205,1001,150,106,132929,19247,13168,101771,7,0,2,134177,656,21,0,3,44,0,133462,7206,754,126226
Tonbridge and Malling,120805,82066,12748,715,25276,483,102,119,120101,841,155,135,119674,18979,13645,88181,10,1,2,120792,462,27,1,1,59,0,120255,4150,828,115827
Tunbridge Wells,115049,73112,12573,1019,28345,506,109,192,114242,839,183,186,113841,19541,13757,81751,16,1,6,115026,566,26,4,0,57,1,114395,6423,1161,107465
Cherwell,141868,88620,13735,1076,38437,1136,234,274,140224,1539,311,205,139813,23976,15327,102565,11,2,7,141848,690,37,3,2,56,1,141079,10281,1246,130341
Oxford,151906,64570,13213,2632,71491,1105,335,486,149980,1326,403,470,149707,34818,16952,100136,41,7,17,151841,1663,71,10,9,180,6,149967,31107,3642,117157
South Oxfordshire,134257,82534,14863,1384,35476,1369,303,329,132256,1431,389,270,132167,24079,16717,93461,30,4,8,134215,743,30,3,1,77,1,133402,6990,1384,125883
Vale of White Horse,120988,72898,13563,1193,33334,1304,310,321,119053,1373,367,239,119009,22048,15412,83528,19,6,14,120949,611,36,4,1,73,1,120262,6961,1323,112704
West Oxfordshire,104779,66335,11470,925,26049,1146,244,269,103120,1248,282,200,103049,17979,12764,74036,31,3,10,104735,416,16,0,1,62,2,104282,4517,829,99433
Elmbridge,130875,71209,12454,1652,45560,996,222,236,129421,1277,415,196,128987,26696,14898,89281,16,5,3,130851,1349,59,2,0,116,1,129348,14416,2375,114084
Epsom and Ewell,75102,43328,6812,755,24207,439,99,131,74433,598,164,106,74234,15370,7938,51794,11,1,4,75086,718,33,6,1,65,3,74276,6773,1094,67235
Guildford,137183,78501,14664,1397,42621,951,251,269,135712,1382,349,231,135221,25200,16726,95257,15,1,7,137160,781,31,4,4,75,3,136285,13239,1824,122120
Mole Valley,85375,53016,9522,840,21997,564,148,171,84492,675,196,192,84312,15391,10650,59334,12,1,3,85359,511,24,2,1,62,1,84774,4438,907,80030
Reigate and Banstead,137835,85251,13488,1136,37960,805,169,215,136646,1268,267,171,136129,25033,15148,97654,19,3,6,137807,1017,33,2,2,71,0,136710,9285,1549,127001
Runnymede,80510,47156,7277,866,25211,527,107,141,79735,685,168,115,79542,13824,8425,58261,9,4,7,80490,721,18,1,0,60,1,79709,9142,1191,70177
Spelthorne,95598,60196,7746,728,26928,594,105,123,94776,805,169,111,94513,16753,8777,70068,12,2,3,95581,929,27,0,0,64,0,94578,7775,1020,86803
Surrey Heath,86144,51651,8653,778,25062,667,121,141,85215,1057,297,132,84658,16511,9868,59765,12,0,8,86124,554,24,0,0,39,0,85527,5663,1029,79452
Tandridge,82998,54110,8531,660,19697,457,87,138,82316,680,149,151,82018,14145,9397,59456,5,0,5,82988,526,31,1,1,59,2,82378,3667,730,78601
Waverley,121572,74084,13458,1329,32701,843,208,276,120245,1165,321,327,119759,22795,15166,83611,14,3,11,121544,658,37,2,3,82,1,120789,6472,1354,113746
Woking,99198,51629,9876,1165,36528,577,152,191,98278,960,285,174,97779,21841,11661,65696,7,2,6,99183,727,30,3,0,70,1,98367,11564,1736,85898
Adur,61182,42089,6250,325,12518,279,46,73,60784,398,55,40,60689,9646,6601,44935,5,1,1,61175,265,6,0,0,22,0,60889,1846,353,58983
Arun,149518,101419,14902,790,32407,831,101,175,148411,1079,200,155,148084,21275,15783,112460,16,1,8,149493,517,28,1,0,63,1,148908,8335,772,140411
Chichester,113794,74983,11866,790,26155,712,124,173,112785,954,207,175,112458,18997,12823,81974,15,2,5,113772,418,30,1,2,42,0,113301,4655,760,108379
Crawley,106597,59796,8780,765,37256,433,81,90,105993,829,169,108,105491,22128,9938,74531,5,1,8,106583,665,22,4,1,51,2,105852,12762,1214,92621
Horsham,131301,84547,14833,989,30932,725,172,203,130201,1138,279,207,129677,22607,16088,92606,16,7,9,131269,611,27,1,1,65,3,130593,5329,1027,124945
Mid Sussex,139860,88020,15557,1188,35095,743,167,227,138723,1200,297,193,138170,24635,17066,98159,9,2,5,139844,795,34,0,0,84,0,138947,7237,1326,131297
Worthing,104640,67970,10757,705,25208,567,89,118,103866,780,162,106,103592,17542,11604,75494,13,0,7,104620,486,14,2,1,52,0,104085,5559,801,98280
Bath and North East Somerset,176016,107253,20009,1678,47076,2312,564,513,172627,1307,345,311,174053,31378,22424,122214,88,11,39,175878,690,48,4,1,95,1,175177,10003,1641,164372
Bournemouth,183491,112712,16847,1459,52473,1575,251,306,181359,1684,287,204,181316,28360,18629,136502,47,2,14,183428,837,32,5,1,91,1,182524,19164,1674,162653
"Bristol, City of",428234,244178,39232,4149,140675,6370,1306,1203,419355,2761,617,623,424233,83864,45411,298959,208,40,78,427908,2553,128,14,9,327,11,425192,42186,4983,381065
Cornwall,532273,315525,37086,16970,162692,4401,624,545,526703,3697,569,392,527615,81631,48923,401719,52793,5185,15242,459053,1248,57,10,7,139,1,530811,64822,22134,445317
Isles of Scilly,2203,1313,229,25,636,25,2,6,2170,26,3,3,2171,435,249,1519,36,4,9,2154,4,0,0,0,2,0,2197,132,28,2043
North Somerset,202566,133891,22114,1247,45314,3416,655,498,197997,1673,386,209,200298,31761,24101,146704,60,13,26,202467,685,37,7,2,67,2,201766,6651,953,194962
Plymouth,256384,171851,26006,1375,57152,2192,422,326,253444,2311,397,264,253412,39356,28035,188993,534,72,191,255587,705,39,2,2,76,0,255560,11235,1407,243742
Poole,147645,98082,15809,887,32867,1173,245,216,146011,1264,245,159,145977,22554,16984,108107,35,1,11,147598,485,13,0,0,40,2,147105,6755,864,140026
South Gloucestershire,262767,175620,28581,1482,57084,3961,890,557,257359,1573,357,207,260630,38757,31197,192813,79,18,43,262627,822,45,1,1,70,1,261827,10339,1443,250985
Swindon,209156,130357,20117,1304,57378,2154,406,315,206281,1931,340,207,206678,33268,22172,153716,68,9,19,209060,1223,32,3,0,81,1,207816,17952,1587,189617
Torbay,130959,92459,12850,589,25061,1320,182,156,129301,1475,207,115,129162,17637,13755,99567,58,13,22,130866,391,15,0,0,39,0,130514,3755,592,126612
Wiltshire,470981,301340,52702,3417,113522,6255,1199,1039,462488,4901,1195,749,464136,80339,57829,332813,157,17,71,470736,1369,87,7,8,197,10,469303,17002,2902,451077
East Devon,132457,90605,14954,694,26204,1203,207,207,130840,1013,226,147,131071,20115,15880,96462,84,11,37,132325,328,18,0,1,37,1,132072,2993,535,128929
Exeter,117773,72128,12821,971,31853,1044,261,226,116242,721,160,139,116753,19825,14200,83748,170,34,62,117507,393,15,6,2,42,3,117312,9099,1140,107534
Mid Devon,77750,53645,8725,370,15010,544,104,104,76998,518,82,77,77073,11389,9190,57171,62,11,25,77652,175,11,0,2,23,0,77539,2117,339,75294
North Devon,93667,65614,10131,404,17518,749,134,123,92661,605,109,80,92873,13527,10646,69494,51,3,35,93578,199,8,0,0,13,2,93445,2154,321,91192
South Hams,83140,54600,9191,549,18800,784,168,145,82043,596,146,104,82294,14794,9949,58397,82,16,31,83011,210,21,3,1,29,2,82874,1962,533,80645
Teignbridge,124220,85452,13746,621,24401,1156,156,151,122757,838,153,102,123127,18952,14549,90719,117,16,44,124043,307,22,0,0,44,0,123847,2746,589,120885
Torridge,63839,46084,6754,278,10723,402,64,90,63283,308,63,55,63413,8676,7062,48101,91,9,27,63712,118,8,1,0,13,0,63699,1072,201,62566
West Devon,53553,35976,5864,316,11397,422,73,76,52982,388,84,58,53023,8963,6242,38348,104,13,33,53403,159,10,0,2,22,1,53359,1280,267,52006
Christchurch,47752,33697,4751,243,9061,386,65,51,47250,391,64,53,47244,6831,5076,35845,5,0,1,47746,169,8,1,0,18,1,47555,1139,239,46374
East Dorset,87166,59951,10021,383,16811,706,124,105,86231,703,163,73,86227,13307,10600,63259,8,2,8,87148,216,6,0,2,10,0,86932,1514,364,85288
North Dorset,68583,45748,7977,451,14407,552,109,150,67772,581,138,129,67735,10451,8507,49625,34,1,8,68540,172,2,0,0,15,0,68394,2312,299,65972
Purbeck,44973,31215,4973,204,8581,380,67,54,44472,391,72,52,44458,6542,5283,33148,14,1,0,44958,121,9,0,0,17,0,44826,958,179,43836
West Dorset,99264,66826,11128,674,20636,713,130,190,98231,695,182,170,98217,16137,11971,71156,38,7,16,99203,274,16,1,0,35,1,98937,2366,566,96332
Weymouth and Portland,65167,44487,6865,337,13478,630,111,97,64329,680,126,88,64273,9887,7349,47931,14,2,14,65137,169,9,0,1,13,0,64975,1788,277,63102
Cheltenham,115732,68374,12591,1174,33593,1744,366,380,113242,1143,263,196,114130,21171,14173,80388,62,11,26,115633,634,34,4,0,79,0,114981,8128,1094,106510
Cotswold,82881,53818,8932,625,19506,981,206,191,81503,759,195,156,81771,14077,9877,58927,16,1,9,82855,328,20,0,1,28,0,82504,2868,549,79464
Forest of Dean,81961,55562,8105,506,17788,3027,443,326,78165,453,83,58,81367,12008,8966,60987,8,3,6,81944,190,11,0,0,18,0,81742,1520,247,80194
Gloucester,121688,78070,11831,683,31104,1865,356,256,119211,860,164,141,120523,19423,13029,89236,24,2,4,121658,541,26,1,1,52,0,121067,7757,669,113262
Stroud,112779,73933,12346,810,25690,1491,296,274,110718,746,171,150,111712,19364,13370,80045,37,1,13,112728,359,22,0,1,35,0,112362,3162,647,108970
Tewkesbury,81943,53189,9335,513,18906,1336,266,217,80124,849,197,94,80803,13166,10195,58582,18,6,10,81909,282,15,2,0,47,0,81597,2713,392,78838
Mendip,109279,72303,12348,813,23815,1062,198,247,107772,789,207,150,108133,17175,13309,78795,46,12,7,109214,345,23,2,1,61,0,108847,3949,684,104646
Sedgemoor,114588,80008,12659,515,21406,1326,216,203,112843,701,124,86,113677,15198,13369,86021,46,12,14,114516,277,18,0,1,29,0,114263,3489,384,110715
South Somerset,161243,109949,17903,887,32504,1448,346,261,159188,1259,305,189,159490,23174,19177,118892,75,8,17,161143,312,26,1,0,30,0,160874,5384,710,155149
Taunton Deane,110187,73326,12127,679,24055,1045,241,224,108677,749,170,119,109149,16710,13146,80331,62,2,27,110096,282,29,2,2,48,0,109824,4583,631,104973
West Somerset,34675,24420,3528,200,6527,377,58,89,34151,238,35,50,34352,4724,3744,26207,10,3,4,34658,92,2,0,0,13,0,34568,996,102,33577
Anglesey,69751,11189,1453,1389,55720,38184,3257,1445,26865,384,77,50,69240,12240,5364,52147,6,3,0,69742,314,6,0,2,22,0,69407,1267,188,68296
Gwynedd,121874,17561,2419,2355,99539,71931,4874,2503,42566,476,65,144,121189,17358,8319,96197,16,2,0,121856,420,11,1,1,56,3,121382,4129,569,117176
Conwy,115228,27902,3136,1773,82417,47930,5009,1903,60386,865,90,68,114205,25056,9053,81119,7,6,2,115213,604,15,2,0,38,0,114569,2845,410,111973
Denbighshire,93734,21535,2366,1589,68244,41372,4722,1660,45980,663,93,68,92910,18709,7864,67161,1,0,4,93729,325,12,2,0,20,1,93374,2149,352,91233
Flintshire,152506,40696,5362,2241,104207,54757,8081,2291,87377,1070,150,86,151200,35404,14585,102517,8,1,2,152495,448,15,1,1,26,0,152015,4096,383,148027
Wrexham,134844,19651,2430,1948,110815,70090,9189,2031,53534,631,110,64,134039,23537,12616,98691,8,2,3,134831,376,8,2,1,30,0,134427,6615,482,127747
Powys,132976,29874,3417,2180,97505,57630,6859,2302,66185,779,114,154,131929,27987,11449,93540,29,5,1,132941,320,16,0,0,36,1,132603,3466,450,129060
Ceredigion,75922,13938,2354,1424,58206,35412,3366,1471,35673,422,90,118,75292,15095,6602,54225,23,5,2,75892,347,20,4,2,46,0,75503,3244,533,72145
Pembrokeshire,122439,17564,2270,1529,101076,65779,7856,1734,47070,811,122,103,121403,22834,11009,88596,11,6,2,122420,578,9,1,1,57,0,121793,3005,438,118996
Carmarthenshire,183777,18595,2211,2481,160490,119167,11292,2712,50606,777,106,108,182786,23258,14732,145787,31,6,4,183736,525,18,2,0,46,0,183186,5055,622,178100
Swansea,239023,16141,2657,2028,218197,145560,20007,2517,70939,1005,154,152,237712,38141,24565,176317,61,14,14,238934,811,32,3,2,79,9,238087,11628,1342,226053
Neath Port Talbot,139812,7392,774,1083,130563,100383,11521,1284,26624,600,60,56,139096,15677,12911,111224,12,2,3,139795,311,11,0,0,31,0,139459,1824,347,137641
Bridgend,139178,8806,1175,884,128313,93640,11807,1127,32604,717,77,67,138317,18666,13633,106879,13,8,0,139157,303,5,2,1,25,2,138840,2750,422,136006
The Vale of Glamorgan,126336,11079,1801,961,112495,71312,10834,1207,42983,842,158,97,125239,25446,13654,87236,23,5,7,126301,395,27,2,0,44,1,125867,3003,628,122705
Cardiff,346090,26023,5722,2920,311425,174391,28360,4171,139168,1647,280,331,343832,73001,38126,234963,120,29,35,345906,1926,64,17,4,196,4,343879,29510,3650,312930
"Rhondda, Cynon, Taff",234410,9849,1303,1530,221728,171816,19090,1811,41693,745,77,103,233485,24468,21206,188736,36,2,12,234360,428,12,3,2,41,0,233924,4760,527,229123
Merthyr Tydfil,58802,2128,204,368,56102,43055,4823,442,10482,182,17,16,58587,5706,5217,47879,0,1,0,58801,82,2,0,0,8,0,58710,2142,115,56545
Caerphilly,178806,7771,949,1212,168874,127292,15291,1432,34791,571,71,54,178110,22933,16869,139004,14,1,4,178787,266,6,1,0,31,0,178502,2131,373,176302
Blaenau Gwent,69814,3167,330,522,65795,50575,5710,583,12946,177,12,34,69591,8225,6230,55359,5,1,0,69808,76,2,0,0,3,0,69733,937,94,68783
Torfaen,91075,5882,682,697,83814,60289,7544,836,22406,407,45,65,90558,13859,8616,68600,8,1,1,91065,214,2,3,0,26,1,90829,1271,203,89601
Monmouthshire,91323,16383,2538,991,71411,40210,6326,1123,43664,713,150,101,90359,21440,9728,60155,39,4,4,91276,240,14,0,1,33,0,91035,1973,437,88913
Newport,145736,10626,1491,1318,132301,80898,12062,1543,51233,693,99,79,144865,30125,14602,101009,16,1,5,145714,563,15,2,1,40,0,145115,7483,734,137519
