district,total,No qualifications,Highest level of qualification: Level 1 qualifications,Highest level of qualification: Level 2 qualifications,Highest level of qualification: Apprenticeship,Highest level of qualification: Level 3 qualifications,Highest level of qualification: Level 4 qualifications and above,Highest level of qualification: Other qualifications,Schoolchildren and full-time students: Age 16 to 17,Schoolchildren and full-time students: Age 18 and over,Full-time students: Age 18 to 74: Economically active: In employment,Full-time students: Age 18 to 74: Economically active: Unemployed,Full-time students: Age 18 to 74: Economically inactive
,,,,,,,,,,,,,
Darlington,85357,21179,11445,13568,4350,10883,20244,3688,2337,2247,992,181,1065
County Durham,425258,116948,57032,67905,17694,57957,91249,16473,10456,23152,6408,1249,15413
Hartlepool,74228,22758,10057,11992,4076,9276,13063,3006,2342,2376,864,289,1209
Middlesbrough,110409,33002,15053,16891,4874,14542,20472,5575,3246,8375,2528,1044,4784
Northumberland,262162,62584,35791,43363,11823,31650,67024,9927,6585,6371,2749,492,3081
Redcar and Cleveland,111011,31550,14947,18225,6366,14572,21013,4338,3097,3324,1305,328,1678
Stockton-on-Tees,154503,36728,21465,26049,8085,20952,35250,5974,4488,6752,2379,592,3762
Gateshead,164716,46192,23592,25601,8563,18611,35409,6748,4176,6373,2340,489,3505
Newcastle upon Tyne,232203,54885,26240,29055,7928,39659,63073,11363,5360,37730,9736,3358,24572
North Tyneside,165088,39157,23183,26536,8685,19623,41734,6170,4028,5196,2409,419,2345
South Tyneside,122200,34189,17799,19806,7473,14679,23514,4740,3172,4501,1878,486,2119
Sunderland,227314,66036,35248,36935,11411,27289,41337,9058,5704,11658,4087,1316,6232
Blackburn with Darwen,113122,32485,16211,17221,4428,12923,22416,7438,3834,5306,1874,588,2822
Blackpool,116699,36559,18129,19993,4886,13546,18098,5488,2942,3903,1733,429,1723
Cheshire East,304374,59806,36823,48576,12395,37854,97248,11672,8284,10298,4154,769,5332
Cheshire West and Chester,271473,56940,36010,42655,10727,35042,79712,10387,7048,11532,4697,943,5853
Halton,100819,27126,16975,18702,3839,12618,17792,3767,2920,3327,1351,330,1624
Warrington,163477,33815,23846,27000,6699,20593,44870,6654,4638,5194,2447,424,2294
Allerdale,80155,21636,10960,12969,4020,9236,18254,3080,2088,1496,689,117,677
Barrow-in-Furness,56796,14422,7710,8912,5229,7791,10785,1947,1543,1191,532,122,533
Carlisle,89042,22164,13199,14560,4103,11177,19766,4073,2020,3284,1498,306,1472
Copeland,58613,15800,8335,9178,3439,7289,12307,2265,1444,1022,410,81,517
Eden,43976,9968,5914,7253,1637,5286,12059,1859,998,1105,559,78,465
South Lakeland,87777,16583,10532,13516,4049,10377,29277,3443,2312,1807,905,79,813
Bolton,219710,57888,31152,34731,9396,26408,48688,11447,6647,9413,3533,982,4863
Bury,147935,33377,20823,25408,5235,18217,37989,6886,4293,5173,2006,441,2697
Manchester,405709,93765,44981,48749,6902,65100,117243,28969,9517,70168,18735,6556,44795
Oldham,174438,51620,25521,27578,7325,20422,32458,9514,5436,7072,2468,868,3714
Rochdale,166916,47906,24521,27351,6122,19597,32371,9048,5266,6594,2213,728,3627
Salford,188780,51175,26189,29161,6337,23870,42103,9945,4792,13014,5070,1616,6295
Stockport,229822,47430,30962,36785,9276,27896,68506,8967,6321,7642,3162,543,3901
Tameside,176616,49547,28347,30600,7886,21371,30994,7871,4962,5650,2168,545,2910
Trafford,180754,33573,22490,28590,6165,21078,61051,7807,5342,6617,2885,537,3174
Wigan,257825,70486,39403,44174,12135,31368,50374,9885,6751,7487,3480,675,3293
Burnley,69915,20512,10075,11046,3251,8606,13092,3333,1884,2392,905,219,1261
Chorley,87532,18594,11760,14210,4225,11052,24361,3330,2204,2318,1119,133,1056
Fylde,63757,13497,7638,10560,2678,7826,18982,2576,1573,1630,823,118,679
Hyndburn,64092,17942,8868,10400,3547,8043,12132,3160,1880,2304,1016,250,1030
Lancaster,115405,23804,13178,17539,4231,20214,31396,5043,2820,13603,3738,840,9015
Pendle,71128,20031,9477,10758,3404,8914,14392,4152,1889,2479,994,240,1236
Preston,113422,26601,14311,16410,4380,17171,27930,6619,2880,12055,4277,1451,6307
Ribble Valley,46552,8533,5175,7126,2339,5841,15817,1721,1391,1282,665,50,561
Rossendale,54811,13130,7504,9068,2201,7146,13776,1986,1641,1673,677,151,840
South Ribble,89163,18136,12038,14825,5165,12242,23537,3220,2336,2583,1342,176,1060
West Lancashire,90712,21296,12150,14318,3600,12652,23000,3696,2548,5539,2195,580,2745
Wyre,90467,23409,12155,15052,4370,10898,20793,3790,2471,2870,1345,211,1308
Knowsley,117225,40647,17774,18907,4037,13788,18120,3952,3607,4591,1781,507,2279
Liverpool,388315,111532,48659,55019,9866,59067,87126,17046,9621,46227,13255,4678,28221
Sefton,226435,56921,31674,37522,8810,28214,54490,8804,6321,8286,3655,744,3840
St. Helens,143372,39950,20522,23930,6251,17408,29924,5387,3954,4480,1812,441,2207
Wirral,260498,61014,35570,44986,11048,32688,65809,9383,7426,8419,3204,766,4388
East Riding of Yorkshire,278333,65035,36228,45111,14051,33672,72004,12232,7250,8267,3483,696,4030
"Kingston upon Hull, City of",208040,65851,30362,32099,8371,27284,31687,12386,5315,14550,4166,1344,9008
North East Lincolnshire,129377,38209,20816,23003,6002,13998,20970,6379,3557,4173,1502,511,2143
North Lincolnshire,136105,35633,21498,22796,6636,15917,26583,7042,3650,3647,1428,355,1849
York,166275,29863,17636,23070,7429,27590,53875,6812,3667,19002,5730,1346,11900
Craven,46161,9356,5418,7263,2103,5655,14663,1703,1236,1048,523,72,449
Hambleton,74039,14536,8869,11914,3015,9015,23736,2954,1848,1476,736,57,673
Harrogate,129036,22312,15280,21135,4649,15220,44002,6438,3718,2963,1489,117,1342
Richmondshire,42698,7925,6419,7681,1590,5269,11513,2301,950,684,338,39,304
Ryedale,43200,10369,5427,7033,1768,4900,11793,1910,1266,812,367,45,393
Scarborough,91402,23755,11781,14853,4862,11027,20742,4382,2164,3259,1250,327,1665
Selby,68135,14431,9535,11323,3402,8731,17786,2927,1921,1486,750,111,619
Barnsley,188335,60890,26913,30550,7716,21342,32724,8200,4905,4942,1986,462,2458
Doncaster,244909,74119,37763,41607,10958,26126,41714,12622,6679,6466,2390,568,3466
Rotherham,208018,62076,32284,35048,9065,24001,36165,9379,5829,5666,2254,545,2830
Sheffield,452014,109841,55566,62097,16192,71594,116007,20717,10970,55021,14727,5166,35045
Bradford,400121,110892,56413,59350,15131,45101,87397,25837,12568,22342,7087,2429,12761
Calderdale,163645,38943,22314,26507,7989,20079,40881,6932,4551,5247,2161,451,2620
Kirklees,336309,85554,44435,50474,16232,42257,80275,17082,9333,18358,6442,1794,10070
Leeds,613992,142481,77294,86614,22893,90497,165429,28784,14928,59741,19022,6305,34318
Wakefield,265797,82621,38778,42790,11636,28205,48772,12995,6985,6300,2602,527,3134
Derby,198076,47731,26294,28681,9793,25838,47955,11784,5400,12910,4526,1353,7000
Leicester,260560,74409,33751,32781,5309,33888,55223,25199,7748,32323,8572,3138,20555
Nottingham,250104,63991,30619,32333,5715,46411,54875,16160,5762,45921,9678,3653,32541
Rutland,30683,5453,3729,5373,1114,3834,10096,1084,1354,777,301,32,437
Amber Valley,100841,27220,13986,15627,4683,12086,23346,3893,2685,2296,1025,157,1093
Bolsover,62192,20455,9520,10195,2308,7064,9853,2797,1665,1488,621,134,724
Chesterfield,85595,23618,12252,14567,3441,10342,17994,3381,2327,2152,919,199,1012
Derbyshire Dales,59299,12773,7088,8870,1992,6572,19816,2188,1536,1236,551,55,625
Erewash,91948,23808,14091,15197,4851,11350,19015,3636,2525,2343,1023,184,1121
High Peak,74416,15520,9771,11931,2943,9779,21884,2588,2058,2547,983,212,1341
North East Derbyshire,82699,22277,11752,13731,3632,9838,18340,3129,2107,1961,839,135,977
South Derbyshire,75910,16707,10674,12617,3663,9738,19701,2810,2251,2016,939,139,934
Blaby,76334,16964,11097,12257,4360,9378,18988,3290,2179,2233,1059,199,962
Charnwood,137878,28265,16740,19685,6586,23470,36916,6216,3781,15776,3575,887,11297
Harborough,69034,12461,9158,11275,3165,8340,21982,2653,2087,1785,794,80,906
Hinckley and Bosworth,86475,21089,12342,13895,4144,10733,20803,3469,2265,2086,960,134,977
Melton,41237,8808,5793,6794,1994,5225,10785,1838,1130,1048,489,79,473
North West Leicestershire,75791,19691,9988,11639,3426,9411,18402,3234,2036,2150,865,121,1151
Oadby and Wigston,46359,10461,6144,7008,1976,6796,11476,2498,1443,3608,904,285,2413
Boston,53275,17421,7705,8126,1745,4954,8060,5264,1277,1125,474,112,528
East Lindsey,115418,37648,16355,18058,4922,12071,20849,5515,2794,2218,837,185,1178
Lincoln,78190,17134,10349,12587,2899,14395,16644,4182,1752,9441,3242,1180,5010
North Kesteven,88700,19289,12232,15306,3885,11685,22559,3744,2373,1930,935,143,836
South Holland,73354,22628,11195,12070,2710,7354,11586,5811,1815,1199,545,93,555
South Kesteven,109085,23608,15098,18733,5007,13474,27974,5191,3147,2388,1173,201,1009
West Lindsey,73753,16963,10217,12217,3796,8796,18642,3122,2140,1684,753,140,787
Corby,48637,13439,8405,8330,2005,5393,7254,3811,1387,1340,645,101,587
Daventry,63031,11918,9337,10742,2762,7416,18158,2698,1906,1534,731,108,685
East Northamptonshire,69576,15506,10629,12222,3085,8220,16866,3048,2259,1632,719,111,795
Kettering,74809,17079,11565,12720,3244,8814,17406,3981,1971,1808,908,140,757
Northampton,169056,38113,25243,26773,6037,20905,40021,11964,4489,9524,3836,969,4697
South Northamptonshire,68624,11955,9609,11442,3058,8559,21308,2693,1946,1494,809,87,592
Wellingborough,60348,15534,9661,9932,2489,6544,12307,3881,1627,1577,744,147,678
Ashfield,96698,30345,15846,15901,4174,11626,14595,4211,2464,2277,936,221,1100
Bassetlaw,92702,26393,13513,15245,3847,10453,18761,4490,2624,2189,968,192,1018
Broxtowe,90938,21031,11721,13547,4079,11046,25678,3836,2393,4412,1362,252,2781
Gedling,93186,21980,12775,14737,4240,11999,23601,3854,2512,2621,1214,237,1152
Mansfield,85448,25944,13414,14087,3143,10376,13978,4506,2316,2133,945,204,970
Newark and Sherwood,93957,23550,13423,15088,3795,11169,22698,4234,2516,2625,1102,202,1314
Rushcliffe,90551,14835,9411,13032,3061,11861,35307,3044,2455,4563,1617,282,2658
"Herefordshire, County of",151962,34845,19396,24322,5410,18235,41779,7975,3938,3853,1605,255,1969
Shropshire,252979,56943,33158,42594,9289,30749,69558,10688,7183,6516,2629,343,3513
Stoke-on-Trent,200642,67773,28825,31875,7066,23961,31041,10101,5378,11173,4006,1318,5809
Telford and Wrekin,132440,32612,20055,23731,4413,17199,27713,6717,4018,5412,1840,336,3217
Cannock Chase,79027,22278,12884,14034,2861,10021,13606,3343,2249,2123,960,232,926
East Staffordshire,91821,22671,13019,14802,3849,10752,21466,5262,2691,2518,1169,218,1119
Lichfield,83057,18622,11388,13304,2939,9779,23604,3421,2269,2196,992,151,1046
Newcastle-under-Lyme,102813,27529,13094,16098,3976,14874,23121,4121,2553,7961,2273,569,5095
South Staffordshire,90506,21699,12597,14973,3631,11356,22707,3543,2550,2571,1164,179,1217
Stafford,108626,22150,13804,17192,3751,14057,32887,4785,2861,5225,1885,453,2875
Staffordshire Moorlands,81106,21560,10406,13005,3369,9943,19255,3568,2064,2062,977,167,906
Tamworth,61467,16467,10713,10954,2283,7682,10706,2662,1786,1660,802,148,702
North Warwickshire,51049,14253,7800,8551,2091,6079,10096,2179,1346,1224,537,93,581
Nuneaton and Bedworth,101244,28384,15829,16561,4825,11760,18801,5084,2884,2799,1324,259,1198
Rugby,80689,15778,10707,12896,4238,9455,22735,4880,2434,2131,918,158,1046
Stratford-on-Avon,100042,19345,11971,15619,3619,11712,33396,4380,2641,2466,1057,122,1266
Warwick,114051,18691,11539,14527,3770,16392,43836,5296,2690,9998,2284,369,7325
Birmingham,828363,233835,110158,113967,17654,107913,190335,54501,26194,78440,20673,7983,49603
Coventry,254106,60799,33782,35777,10256,36184,58566,18742,6705,29330,7572,2928,18775
Dudley,253421,75980,36286,42371,8888,30056,48584,11256,7369,7667,3095,742,3783
Sandwell,241829,85040,34723,35543,6451,25245,37151,17676,7177,10350,3522,1260,5520
Solihull,167493,38035,22790,26933,5715,19597,47783,6640,5263,5216,2261,384,2533
Walsall,213123,71839,31117,32616,6365,23022,35989,12175,6262,8082,2863,933,4249
Wolverhampton,200047,62467,28187,29790,5497,21199,39021,13886,5854,11178,3876,1411,5864
Bromsgrove,77107,16413,9875,12191,3139,9056,23551,2882,2264,2196,900,149,1132
Malvern Hills,62219,12637,6957,9636,2385,7068,21113,2423,2009,1693,632,93,961
Redditch,67656,16996,10683,11508,2537,8111,14007,3814,1927,2203,972,195,1026
Worcester,80291,17116,10235,11928,3116,11644,22211,4041,2012,5246,2060,558,2616
Wychavon,97039,21458,12694,15170,3912,11241,27870,4694,2523,2348,1128,133,1077
Wyre Forest,81190,22579,11553,13076,3058,9258,17916,3750,1934,1986,851,161,970
Bedford,125871,25645,17313,19129,4939,14882,35417,8546,3810,6286,2370,546,3346
Central Bedfordshire,204602,39644,30583,34714,9623,25869,55793,8376,5869,6836,2628,466,3713
Luton,156445,36953,22813,22720,5151,17332,34814,16662,4951,13411,4601,2152,6622
Peterborough,144495,36158,22288,23338,5037,15589,29245,12840,4121,4323,1812,455,2034
Southend-on-Sea,140621,34621,23075,24619,4161,16055,30691,7399,3825,4152,1764,393,1975
Thurrock,123407,32643,22396,21639,4218,13483,21519,7509,3475,3468,1539,411,1496
Cambridge,106007,12606,7294,9159,2024,17943,50169,6812,2226,24506,4390,671,19427
East Cambridgeshire,67481,14127,8844,10556,2928,7700,19583,3743,1780,1362,649,103,596
Fenland,78482,24523,12253,13323,3173,8151,11677,5382,2074,1508,661,133,704
Huntingdonshire,137157,26361,20055,23266,5221,16977,38301,6976,3837,3314,1646,215,1441
South Cambridgeshire,119342,18248,13275,17129,4643,13472,47852,4723,3448,3636,1499,182,1932
Basildon,139198,37084,25629,24568,4986,14961,25939,6031,3887,3253,1425,323,1491
Braintree,118098,26958,19524,21412,4604,14154,26212,5234,3165,2538,1316,177,1027
Brentwood,60115,11651,8543,10328,1979,6867,18441,2306,1872,1563,606,92,861
Castle Point,73142,21885,13177,12997,3393,7780,10693,3217,1955,1416,725,122,562
Chelmsford,137003,25844,20510,23744,4977,17085,39452,5391,3903,4510,2044,316,2131
Colchester,141427,27440,20294,23629,4772,19572,38412,7308,3590,10813,3455,922,6415
Epping Forest,101708,24360,15839,16544,3364,11261,25769,4571,2778,3252,1196,220,1821
Harlow,65061,16948,12211,11167,2328,7282,11468,3657,1937,1872,949,170,744
Maldon,50804,11749,8153,8771,2355,5692,12009,2075,1303,955,467,68,413
Rochford,68271,16134,12132,12531,2956,8158,13659,2701,1889,1354,672,98,576
Tendring,115495,39616,17499,18751,4740,11002,18340,5547,2889,2306,970,228,1084
Uttlesford,63399,11232,8791,10919,2092,7594,20251,2520,2094,1537,625,68,838
Broxbourne,74850,19122,13262,12871,2741,8401,14394,4059,2192,2471,1054,181,1225
Dacorum,115983,21768,17067,18714,4023,13410,35872,5129,3418,3304,1459,228,1601
East Hertfordshire,110139,18959,14893,18440,3481,13145,36867,4354,3721,2941,1259,134,1526
Hertsmere,79841,15502,11257,12601,2290,8950,24588,4653,2517,3692,1192,191,2290
North Hertfordshire,102388,18416,13480,15758,3565,11632,35242,4295,2954,2775,1229,172,1362
St Albans,110590,14268,11061,14763,3076,11518,51251,4653,3414,3747,1562,211,1961
Stevenage,66866,14390,12065,11941,2521,7889,14762,3298,2022,2332,1185,196,941
Three Rivers,69819,12261,9218,11045,2337,8037,23675,3246,2133,2239,876,132,1219
Watford,71693,12513,9501,10752,2104,8361,23082,5380,1963,3202,1449,233,1506
Welwyn Hatfield,90369,15550,11791,13544,2866,14211,27123,5284,2458,11812,3600,1139,7052
Breckland,107507,30057,16104,18149,4276,11917,20046,6958,2661,2183,1017,167,982
Broadland,103657,23744,15328,18098,5651,12388,24026,4422,2644,2146,1137,137,855
Great Yarmouth,79748,26164,12531,12846,3735,8418,11336,4718,2110,2025,794,222,991
King`s Lynn and West Norfolk,122639,35909,17770,19850,4680,13464,23455,7511,3027,2535,1058,224,1228
North Norfolk,86830,23838,12236,14106,4087,9137,19326,4100,1869,1307,566,92,641
Norwich,110805,25073,14129,15342,2858,16885,30722,5796,2071,12844,3709,1054,8050
South Norfolk,101717,22953,13799,17362,4305,11687,27501,4110,2795,2141,1018,139,976
Babergh,71821,16367,10385,12560,2818,8337,18539,2815,2074,1417,682,68,655
Forest Heath,48684,12505,6597,6893,1961,5003,9325,6400,1014,1127,574,61,483
Ipswich,107396,27723,17054,17469,4098,12269,22152,6631,2980,3650,1636,370,1630
Mid Suffolk,78907,17621,10963,13279,3247,9820,20864,3113,2146,1553,798,87,659
St Edmundsbury,90683,20277,13260,15616,3565,10868,22278,4819,2488,2042,1043,128,858
Suffolk Coastal,102401,21592,13784,17078,4221,11582,29678,4466,2812,2069,990,141,922
Waveney,95369,28447,13550,15490,5196,11128,17052,4506,2493,2011,885,250,859
Camden,184873,23451,12556,14454,1558,22340,93453,17061,3276,25130,4778,1452,18861
City of London,6755,454,291,445,47,484,4618,416,69,422,103,30,289
Hackney,195145,38172,17500,19612,1862,18106,81591,18302,4943,17606,4958,1770,10855
Hammersmith and Fulham,152863,19515,10725,12738,1768,16306,75765,16046,2623,13772,3824,869,9036
Haringey,202856,36163,17685,20563,1981,19456,82727,24281,5240,17285,5121,1833,10303
Islington,173300,29448,13943,14552,1743,16904,83276,13434,3229,18558,4250,1500,12779
Kensington and Chelsea,134267,13549,7730,10583,952,13460,70731,17262,2130,11118,2092,586,8407
Lambeth,248300,35352,21169,24408,2640,23988,115758,24985,5190,19056,6365,1990,10646
Lewisham,218749,38763,24225,27248,3160,23694,83127,18532,5742,18527,6630,2421,9433
Newham,238090,49087,27152,26742,2425,23456,71771,37457,7381,35441,13251,4804,17346
Southwark,234901,38384,22077,24045,2623,24779,101172,21821,5264,27083,7758,2534,16752
Tower Hamlets,203953,40719,18928,17734,1821,20643,83675,20433,4599,24722,7402,2544,14724
Wandsworth,255989,29622,16903,21454,2509,25485,137142,22874,4273,17479,5767,1608,10055
Westminster,186812,23943,12308,14497,1420,17113,93946,23585,3174,18736,3506,1105,14078
Barking and Dagenham,137613,38396,20904,20617,2888,12759,28715,13334,4620,9882,3336,1335,5187
Barnet,282152,43833,27240,34028,3778,28742,113815,30716,8373,20589,6018,1907,12612
Bexley,184431,42366,31049,32694,6951,21334,40146,9891,5839,8356,2955,801,4539
Brent,248458,47721,25718,26967,3059,24163,82619,38211,7203,22545,7569,2449,12467
Bromley,248806,44572,33858,40025,6773,28644,82304,12630,7170,8470,3103,643,4684
Croydon,284268,50081,39285,43299,6018,32498,90321,22766,9093,16784,6180,1926,8619
Ealing,269572,44366,26592,28237,3905,25887,99836,40749,7307,20423,6809,2099,11472
Enfield,242465,55736,31158,33389,4715,25557,69627,22283,7914,16901,5325,1976,9556
Greenwich,199163,41082,23896,26189,3766,21250,66120,16860,5293,17560,6495,2225,8813
Harrow,190998,31997,20852,24447,3271,19870,70218,20343,6297,12968,4318,1137,7484
Havering,192844,50951,32241,33519,7238,21797,37498,9600,5668,6560,2436,586,3488
Hillingdon,217043,41548,30336,30853,6316,27094,60854,20042,6481,19383,6285,1963,11096
Hounslow,202424,35084,23767,23364,3401,19798,69955,27055,5416,15015,5782,1580,7623
Kingston upon Thames,129790,17400,12665,15792,2568,17482,53782,10101,3155,13227,4344,1280,7573
Merton,160840,24378,15900,18875,2689,15928,66091,16979,4103,9657,3507,833,5294
Redbridge,216112,39877,26437,28374,3648,22208,73299,22269,7095,16527,5126,1980,9379
Richmond upon Thames,150052,15915,11075,15916,2304,15920,79584,9338,3383,7331,2563,558,4195
Sutton,152158,28330,21588,24423,4374,18023,45775,9645,4648,5641,2374,469,2777
Waltham Forest,203131,42262,24934,25845,3494,20340,60914,25342,5676,16931,5650,1878,9352
Bracknell Forest,89743,14639,13755,15191,3032,11389,27197,4540,2852,2392,1233,163,980
Brighton and Hove,229024,36775,25190,28769,4854,36599,84423,12414,5065,27229,8230,2676,16285
Isle of Wight,115589,28078,16865,19395,5799,14128,26163,5161,3106,2592,993,249,1332
Medway,210511,48226,35473,38653,9857,26818,40275,11209,6409,9800,3621,1034,5114
Milton Keynes,193429,34850,30794,32222,6579,22205,54591,12188,5609,6823,3001,681,3125
Portsmouth,167256,35405,21980,25073,6545,30068,39630,8555,4135,21322,5781,2171,13336
Reading,125582,21834,15328,15407,3170,16875,43690,9278,2845,12007,4104,841,7046
Slough,106645,21434,15673,14256,2371,10790,27560,14561,3388,6146,2429,662,3045
Southampton,195534,40991,25287,27209,7156,33882,48145,12864,4088,28061,7787,2425,17811
West Berkshire,122731,21065,17378,19880,4778,14916,39406,5308,3820,2624,1313,147,1146
Windsor and Maidenhead,115900,18134,13448,16685,3476,12933,44500,6724,3581,3242,1263,166,1790
Wokingham,123010,16226,14460,18557,4158,15313,49184,5112,3707,3899,1660,281,1941
Aylesbury Vale,138567,24059,19099,22857,5014,16894,44291,6353,4192,4153,1664,278,2196
Chiltern,73679,10864,7858,11150,2420,8143,30179,3065,2320,1875,775,97,993
South Bucks,54201,8954,6395,7997,1865,6034,19977,2979,1593,1628,626,89,907
Wycombe,136787,23780,17123,20734,4964,16905,45899,7382,4115,6452,2614,611,3207
Eastbourne,82691,19215,11408,13763,2899,10418,20194,4794,2246,3986,1600,352,2022
Hastings,73488,18649,11600,12830,2220,8877,15604,3708,2058,2370,1005,231,1127
Lewes,80534,17276,11126,12662,2723,9511,23690,3546,2089,2163,971,137,1032
Rother,76359,18858,10542,12596,2886,8551,19438,3488,1988,1645,632,98,897
Wealden,122443,24347,16937,21218,4516,14998,35360,5067,3434,2803,1325,157,1302
Basingstoke and Deane,133947,23226,19647,21918,5152,16902,40793,6309,3618,3047,1638,246,1154
East Hampshire,94019,15857,11719,15640,3338,11986,31844,3635,2944,2409,1079,124,1189
Eastleigh,101482,17907,14410,17461,5779,13524,28326,4075,2776,2698,1323,178,1181
Fareham,92153,16181,12058,15691,5058,12403,27419,3343,2632,2614,1348,176,1078
Gosport,66402,14347,10754,12046,3292,8883,14265,2815,1827,1825,831,172,813
Hart,72681,9815,9036,11746,2579,9451,27248,2806,2126,1661,829,82,744
Havant,98807,24746,14619,16913,4787,11812,22017,3913,2733,2569,1228,237,1081
New Forest,147514,31178,19579,24647,8013,17739,40184,6174,3493,3015,1582,156,1255
Rushmoor,74854,13947,12318,12838,2703,9362,18493,5193,2229,2514,1228,202,1076
Test Valley,94414,17330,12841,15581,4223,11768,28825,3846,2747,2187,1030,120,1028
Winchester,95110,13828,9163,13910,2944,13260,38669,3336,3023,6503,2480,549,3467
Ashford,93411,19777,14578,16639,3602,11229,23007,4579,2680,2544,1287,234,1015
Canterbury,125971,25778,14824,18056,4212,22117,34385,6599,3282,18354,5007,1970,11363
Dartford,77342,16334,13410,14036,3310,8930,17053,4269,2122,2215,1101,213,895
Dover,91382,22885,13376,15941,3371,11049,20071,4689,2605,2463,1021,194,1226
Gravesham,80964,19742,13242,13780,3442,8952,16164,5642,2548,2462,1072,256,1121
Maidstone,125476,25915,18336,22108,5112,15246,32154,6605,3463,3356,1542,236,1552
Sevenoaks,92481,17753,12708,15189,3158,10267,29580,3826,2861,2197,913,149,1121
Shepway,88760,21900,13239,15510,3394,10582,19324,4811,2447,2569,1216,247,1090
Swale,108539,29703,17640,18442,4777,12202,20535,5240,3090,2649,1109,241,1290
Thanet,108556,30784,16100,17833,4198,12245,21284,6112,2975,3673,1544,351,1758
Tonbridge and Malling,95821,19135,14401,16945,3874,11646,25967,3853,3215,2405,1155,154,1086
Tunbridge Wells,91483,15620,11311,15148,2542,11054,31687,4121,3046,2670,1085,129,1443
Cherwell,113422,22331,17202,17949,4671,13210,31830,6229,3084,3027,1387,161,1465
Oxford,126725,17287,10519,11341,2338,22581,53977,8682,2879,29952,5841,1115,22968
South Oxfordshire,108232,17827,13133,16120,4116,12936,39727,4373,2885,2531,1125,118,1272
Vale of White Horse,97867,16328,11559,14307,3968,11281,36420,4004,2856,2744,1206,148,1368
West Oxfordshire,85312,15054,11324,13461,3352,10513,28076,3532,2220,1820,888,92,831
Elmbridge,103005,13628,10451,14320,2280,11400,45170,5756,3061,2993,1190,173,1615
Epsom and Ewell,60371,9559,7395,9504,1723,7278,21720,3192,1868,2759,1177,205,1361
Guildford,112589,15993,12020,15254,3125,16005,44496,5696,2735,10727,3433,680,6601
Mole Valley,69580,11111,8129,11198,1960,7896,26396,2890,2083,1635,722,82,814
Reigate and Banstead,110725,18363,14587,18345,3237,13294,37602,5297,3047,2829,1294,195,1320
Runnymede,66653,12176,8490,9616,2248,10095,19945,4083,1503,6771,1926,414,4424
Spelthorne,78089,15947,12546,12564,3056,8882,20262,4832,1969,1931,931,136,851
Surrey Heath,69302,10387,9356,11292,2398,8478,23887,3504,2055,1818,934,125,753
Tandridge,66922,11467,8936,11701,1959,8206,22063,2590,2064,1752,636,90,1017
Waverley,97478,14790,10056,14737,2845,11938,39125,3987,3282,3434,1331,227,1858
Woking,79185,12042,9471,11321,2067,8940,30374,4970,2029,2594,1224,221,1132
Adur,50579,12936,8063,8324,2207,5655,11122,2272,1314,1185,569,73,531
Arun,126164,31364,17871,21159,5019,14610,28732,7409,2755,3296,1533,273,1464
Chichester,95161,18566,11035,15164,3252,12149,30820,4175,2110,4172,1696,344,2116
Crawley,84549,16995,15257,14427,2887,9555,18214,7214,2301,2495,1254,225,1011
Horsham,106758,17407,14155,18954,3627,13525,34814,4276,3231,2431,1187,126,1110
Mid Sussex,112755,16731,15153,19560,3799,14858,37917,4737,3355,2725,1294,135,1282
Worthing,85971,18319,12320,14966,3147,10774,22314,4131,1997,2501,1283,215,988
Bath and North East Somerset,146439,25140,16175,20828,5472,24095,48910,5819,3758,15932,4369,1030,10507
Bournemouth,155224,29720,20105,24086,5852,24412,40951,10098,3064,15079,4972,1249,8829
"Bristol, City of",349653,70478,41487,44592,10260,51006,114621,17209,7782,35638,10609,2425,22545
Cornwall,442332,99237,59206,76782,20102,57917,110518,18570,11102,15880,5876,1313,8609
Isles of Scilly,1857,264,201,309,78,304,613,88,6,14,4,2,8
North Somerset,165914,32539,22752,28542,7247,21012,47041,6781,4270,4273,2048,304,1874
Plymouth,211502,47073,28541,35452,11004,35009,45379,9044,5233,19376,5692,1559,12093
Poole,121986,26108,17573,20298,5917,15229,31143,5718,3093,3920,1659,302,1942
South Gloucestershire,212837,39618,31661,35490,11435,29111,56805,8717,6089,8296,3655,687,3910
Swindon,167774,34424,29257,29098,7597,19526,38097,9775,4505,4558,2238,409,1879
Torbay,109290,28215,16398,18889,5110,12905,22564,5209,2760,2593,1182,275,1119
Wiltshire,380013,70782,53242,65411,14616,48130,112067,15765,11075,8294,4090,576,3575
East Devon,112002,23597,14651,19009,4625,12708,32573,4839,2751,1967,955,129,861
Exeter,99066,18156,12467,13998,3165,18000,28291,4989,1990,14307,3416,818,10061
Mid Devon,63200,14323,8723,10796,2420,7648,16716,2574,1694,1211,541,76,588
North Devon,77378,18613,11157,13288,3663,9616,17732,3309,1962,1674,817,132,710
South Hams,69868,12047,8433,11361,3044,8456,23946,2581,1759,1612,740,105,750
Teignbridge,103738,22353,14007,17189,4632,12196,29014,4347,2645,2210,1033,169,995
Torridge,53321,13550,7599,9320,2626,6434,11552,2240,1332,921,397,70,449
West Devon,44652,9077,5767,7519,1740,5306,13410,1833,1147,946,439,52,448
Christchurch,40289,9421,5509,6718,2110,4556,10132,1843,933,872,367,46,455
East Dorset,73557,15830,9897,12047,3884,8505,20364,3030,1735,1488,817,77,577
North Dorset,56230,11219,7989,10020,2312,7058,15137,2495,1740,1053,405,61,575
Purbeck,37678,8122,5401,6328,1891,4559,9687,1690,930,695,349,29,316
West Dorset,83536,16801,10494,13761,3674,9875,25691,3240,2338,1554,738,79,728
Weymouth and Portland,54306,12236,8094,9447,2804,7102,12207,2416,1355,1260,582,114,554
Cheltenham,96008,15904,10906,13778,3021,13216,34782,4401,2574,6725,2806,531,3379
Cotswold,69138,12758,8865,10957,2236,8225,23267,2830,1766,2235,737,87,1402
Forest of Dean,67947,16664,9750,11416,3045,8128,16285,2659,2148,1997,769,165,1050
Gloucester,97531,21247,15704,16831,4180,12832,21651,5086,2734,3797,1640,299,1850
Stroud,92251,16788,11898,14372,4296,11257,30324,3316,2702,2169,995,128,1035
Tewkesbury,67358,12667,9251,11230,2932,8214,20329,2735,1702,1433,731,91,602
Mendip,88882,19054,12036,15180,3610,10697,24769,3536,3067,2147,951,124,1062
Sedgemoor,93922,23534,13815,16048,4386,11103,20778,4258,2681,2242,1065,185,972
South Somerset,132625,29089,18212,22503,6922,16481,33228,6190,3373,2618,1326,143,1132
Taunton Deane,90109,18510,11674,16101,3295,11068,25348,4113,2756,2584,1169,144,1263
West Somerset,29844,7403,4066,4989,1195,3189,7415,1587,616,549,201,34,306
Anglesey,57890,13991,7342,9406,2739,6887,15098,2427,1500,1941,732,107,1091
Gwynedd,100923,23365,11889,16238,3783,14638,26673,4337,2462,8961,2321,715,5903
Conwy,96102,24577,12553,15472,3786,10841,24473,4400,2546,2970,1290,171,1479
Denbighshire,76781,19540,10723,12888,2929,8762,18615,3324,2260,2624,940,229,1441
Flintshire,123862,29116,19076,21398,6031,15098,27791,5352,3616,3595,1674,256,1650
Wrexham,109026,29094,15195,17584,4292,12557,24851,5453,2776,4685,1909,442,2319
Powys,110083,27273,13850,18040,4223,12714,28991,4992,3062,2366,999,112,1244
Ceredigion,64692,12824,6811,9676,2094,12451,18064,2772,1425,9893,2155,1087,6628
Pembrokeshire,100362,24668,13695,16858,4323,11812,24849,4157,2726,2407,1025,138,1228
Carmarthenshire,150763,40334,19683,24748,6514,16832,36036,6616,4059,5025,1930,336,2736
Swansea,197627,47316,24405,30216,8472,27507,51081,8630,4717,18548,5463,1409,11637
Neath Port Talbot,115175,35607,16557,18371,5856,12629,21636,4519,3091,3395,1333,256,1791
Bridgend,113890,32282,15932,18198,4748,12328,25699,4703,3060,3323,1335,249,1723
The Vale of Glamorgan,102504,20964,13210,17287,4287,12179,30527,4050,3132,3237,1279,221,1714
Cardiff,283115,58688,31039,36812,7882,43037,91522,14135,6723,36348,10530,2942,22832
"Rhondda, Cynon, Taff",190116,60403,26718,29749,6711,21714,37168,7653,5110,9863,3328,915,5575
Merthyr Tydfil,47842,16407,6832,7221,1755,4810,8493,2324,1371,1709,612,149,938
Caerphilly,143825,45102,21459,23361,5595,16154,26843,5311,4142,4371,1592,352,2394
Blaenau Gwent,57321,20662,9035,8879,2032,5644,8689,2380,1631,1636,562,169,894
Torfaen,73833,21329,11094,12052,3182,8267,14976,2933,2160,2127,920,188,1002
Monmouthshire,75080,15521,9446,11531,2924,8107,24839,2712,2343,1877,756,113,1000
Newport,116348,31454,16399,17834,4685,13203,27202,5571,3308,5903,2201,682,3001
