district,total,Owned,Owned: Owned outright,Owned: Owned with a mortgage or loan,Shared ownership (part owned and part rented),Social rented,Social rented: Rented from council (Local Authority),Social rented: Other,Private rented,Private rented: Private landlord or letting agency,Private rented: Other,Living rent free
,,,,,,,,,,,,
Darlington,46670,30289,13810,16479,178,7228,5238,1990,8513,7758,755,462
County Durham,223803,147347,69435,77912,488,45004,28559,16445,28142,25498,2644,2822
Hartlepool,40434,24194,11090,13104,200,9515,4016,5499,5971,5525,446,554
Middlesbrough,57203,32723,15200,17523,336,13654,6049,7605,9509,8648,861,981
Northumberland,138534,91207,46086,45121,510,25841,14820,11021,18417,16225,2192,2559
Redcar and Cleveland,59605,39705,19806,19899,256,11568,5999,5569,7434,6698,736,642
Stockton-on-Tees,79159,54225,23285,30940,255,13625,7285,6340,10387,9417,970,667
Gateshead,89154,51915,23081,28834,363,24941,19985,4956,11125,10130,995,810
Newcastle upon Tyne,117153,57955,26258,31697,489,34850,27340,7510,22318,20462,1856,1541
North Tyneside,91295,59136,25611,33525,374,19677,14610,5067,11300,10146,1154,808
South Tyneside,67167,38333,17003,21330,297,21204,16967,4237,6758,6040,718,575
Sunderland,119758,71566,32419,39147,352,32399,16725,15674,14552,13077,1475,889
Blackburn with Darwen,57353,36793,18039,18754,290,10391,3228,7163,8993,8113,880,886
Blackpool,64367,39650,19318,20332,239,6999,4823,2176,16770,15549,1221,709
Cheshire East,159441,118766,59846,58920,779,18141,4285,13856,19938,18244,1694,1817
Cheshire West and Chester,141442,100105,49129,50976,1088,20808,10482,10326,17734,16021,1713,1707
Halton,53312,33796,14436,19360,322,13441,2502,10939,5212,4752,460,541
Warrington,85140,60915,27206,33709,637,13318,6147,7171,9549,8683,866,721
Allerdale,42345,29217,16686,12531,200,8088,1123,6965,4142,3595,547,698
Barrow-in-Furness,31224,22938,11423,11515,36,3454,2704,750,4442,4005,437,354
Carlisle,48342,32999,16754,16245,332,7394,1283,6111,6914,6221,693,703
Copeland,30536,21671,11315,10356,96,5668,2172,3496,2665,2315,350,436
Eden,23043,16258,10048,6210,211,2321,307,2014,3685,3216,469,568
South Lakeland,46552,33967,20793,13174,231,4853,3172,1681,6633,5831,802,868
Bolton,116371,74170,35378,38792,605,23825,16575,7250,15930,14555,1375,1841
Bury,78113,54395,24839,29556,247,11703,7314,4389,10774,9859,915,994
Manchester,204969,77395,31145,46250,1481,64682,27585,37097,58170,55043,3127,3241
Oldham,89703,58259,27193,31066,352,18918,8708,10210,10944,9676,1268,1230
Rochdale,87552,54149,24334,29815,340,20247,13671,6576,11556,10511,1045,1260
Salford,103556,52126,22603,29523,508,29819,18461,11358,19420,18224,1196,1683
Stockport,121979,89316,42761,46555,987,16620,10577,6043,13852,12631,1221,1204
Tameside,94953,60558,26688,33870,309,20438,4953,15485,12573,11345,1228,1075
Trafford,94484,65440,30322,35118,570,15485,4373,11112,12001,11173,828,988
Wigan,136386,92559,42446,50113,331,25803,22152,3651,15875,14550,1325,1818
Burnley,37550,24408,11815,12593,79,5281,1418,3863,7267,6664,603,515
Chorley,44919,33783,15906,17877,283,5843,1376,4467,4587,4066,521,423
Fylde,34885,25622,14214,11408,135,2607,499,2108,6066,5411,655,455
Hyndburn,34341,23238,11464,11774,84,4389,1367,3022,6235,5711,524,395
Lancaster,57822,39999,20890,19109,367,5762,3629,2133,10929,9915,1014,765
Pendle,37348,25580,13435,12145,73,4333,2104,2229,6760,6192,568,602
Preston,57567,34909,16355,18554,397,11061,2259,8802,10365,9540,825,835
Ribble Valley,24045,18423,10086,8337,145,1836,365,1471,3278,2830,448,363
Rossendale,29058,20250,9160,11090,87,4244,1416,2828,4106,3683,423,371
South Ribble,46102,36337,17189,19148,215,4845,353,4492,4308,3845,463,397
West Lancashire,45381,33122,16272,16850,271,6656,5711,945,4744,4263,481,588
Wyre,47281,36676,20423,16253,246,3401,522,2879,6397,5791,606,561
Knowsley,61323,37896,16032,21864,314,16333,7479,8854,5980,5488,492,800
Liverpool,206515,96947,43803,53144,1096,57485,9868,47617,48290,44912,3378,2697
Sefton,117930,83137,42334,40803,664,17063,4911,12152,15804,14552,1252,1262
St. Helens,75736,50952,25215,25737,427,15597,4590,11007,7736,7056,680,1024
Wirral,140583,94843,46806,48037,713,21329,7266,14063,22275,20636,1639,1423
East Riding of Yorkshire,143032,107706,56140,51566,433,13028,10453,2575,19648,17760,1888,2217
"Kingston upon Hull, City of",112596,55785,22355,33430,505,31634,23838,7796,22984,21414,1570,1688
North East Lincolnshire,69707,46070,21497,24573,213,10091,3293,6798,12627,11594,1033,706
North Lincolnshire,70684,49137,23355,25782,179,10895,4852,6043,9477,8493,984,996
York,83552,55227,28351,26876,631,11679,7381,4298,14980,13687,1293,1035
Craven,24583,17973,10396,7577,116,2212,558,1654,3782,3360,422,500
Hambleton,38117,26508,15135,11373,156,4923,372,4551,5770,4622,1148,760
Harrogate,67169,47738,25118,22620,395,6138,3608,2530,11771,10394,1377,1127
Richmondshire,20207,12910,7295,5615,104,2183,1451,732,4519,2877,1642,491
Ryedale,22524,15124,9329,5795,83,2896,213,2683,3773,3321,452,648
Scarborough,49435,32520,19323,13197,302,6134,1163,4971,9640,8812,828,839
Selby,34559,25911,11929,13982,201,4161,2902,1259,3796,3400,396,490
Barnsley,100734,64807,30778,34029,445,21032,17831,3201,12856,11812,1044,1594
Doncaster,126487,82760,39253,43507,418,22403,19173,3230,18774,17084,1690,2132
Rotherham,108293,70610,33031,37579,309,23289,19436,3853,12262,11153,1109,1823
Sheffield,229928,134127,62329,71798,881,56917,40725,16192,35760,32605,3155,2243
Bradford,199296,129550,58487,71063,1165,29513,11729,17784,36070,33135,2935,2998
Calderdale,88621,58981,27671,31310,397,13494,4753,8741,14545,13114,1431,1204
Kirklees,173525,116361,55569,60792,612,26525,20886,5639,26941,24523,2418,3086
Leeds,320596,186467,83385,103082,1442,70377,54122,16255,57456,53599,3857,4854
Wakefield,140414,89291,40766,48525,650,33129,24136,8993,16017,14383,1634,1327
Derby,102271,62765,30239,32526,864,20250,12458,7792,17193,15943,1250,1199
Leicester,123125,61170,28018,33152,774,31270,21048,10222,27999,26207,1792,1912
Nottingham,126131,56867,25152,31715,786,37486,26176,11310,29098,27300,1798,1894
Rutland,15002,10556,5889,4667,160,1685,369,1316,2333,1741,592,268
Amber Valley,52596,38974,20106,18868,216,6484,2708,3776,6200,5618,582,722
Bolsover,32801,21963,10691,11272,92,5965,4922,1043,4276,3871,405,505
Chesterfield,46796,29547,15065,14482,156,10832,9385,1447,5813,5291,522,448
Derbyshire Dales,30744,22269,13513,8756,229,3736,1330,2406,3860,3423,437,650
Erewash,48692,35290,16506,18784,242,6335,1978,4357,6265,5762,503,560
High Peak,38946,28059,13693,14366,229,4945,3836,1109,5231,4706,525,482
North East Derbyshire,43070,30531,16471,14060,168,8781,7817,964,3183,2800,383,407
South Derbyshire,38992,29416,13237,16179,131,3877,2984,893,5087,4603,484,481
Blaby,38686,31309,14745,16564,247,2948,721,2227,3876,3471,405,306
Charnwood,66516,47961,23729,24232,539,7851,5306,2545,9396,8590,806,769
Harborough,34898,27238,13389,13849,414,2923,481,2442,3922,3540,382,401
Hinckley and Bosworth,45377,34826,16859,17967,267,4685,3238,1447,5156,4657,499,443
Melton,21490,15498,7728,7770,198,2402,1814,588,3054,2738,316,338
North West Leicestershire,39128,28360,13581,14779,302,5598,4181,1417,4411,3997,414,457
Oadby and Wigston,21339,17239,9069,8170,161,1610,1147,463,2117,1922,195,212
Boston,27291,17430,9243,8187,230,4965,1671,3294,4291,3908,383,375
East Lindsey,60890,42137,25826,16311,482,6705,1605,5100,10554,9334,1220,1012
Lincoln,39825,21932,9717,12215,220,8729,7381,1348,8345,7709,636,599
North Kesteven,45972,34187,17115,17072,221,4694,3693,1001,6184,4906,1278,686
South Holland,37264,27035,14623,12412,260,4728,3828,900,4714,4173,541,527
South Kesteven,57344,39809,19258,20551,502,7701,5949,1752,8389,7653,736,943
West Lindsey,38385,27859,14672,13187,365,4246,911,3335,5253,4594,659,662
Corby,25215,15669,5917,9752,94,5278,4463,815,3839,3582,257,335
Daventry,31647,22688,10533,12155,271,4412,1282,3130,3832,3471,361,444
East Northamptonshire,35662,25837,11419,14418,175,4737,805,3932,4471,4032,439,442
Kettering,39701,27562,12070,15492,342,5187,3506,1681,6048,5533,515,562
Northampton,88731,55622,22307,33315,1134,15113,11319,3794,15817,14657,1160,1045
South Northamptonshire,34717,26485,12029,14456,357,3505,901,2604,3840,3439,401,530
Wellingborough,32057,21286,9584,11702,315,5676,1720,3956,4360,3965,395,420
Ashfield,50931,35261,16952,18309,235,8258,6460,1798,6504,5908,596,673
Bassetlaw,47667,33115,16295,16820,172,7579,6152,1427,5975,5362,613,826
Broxtowe,46820,34270,17351,16919,168,5218,4192,1026,6594,5902,692,570
Gedling,49349,37138,18603,18535,271,4926,1961,2965,6488,5850,638,526
Mansfield,44928,29908,14658,15250,169,8199,6208,1991,6115,5616,499,537
Newark and Sherwood,48773,34455,17399,17056,253,7050,5087,1963,6278,5648,630,737
Rushcliffe,45835,35142,17973,17169,333,3854,1056,2798,6082,5595,487,424
"Herefordshire, County of",78319,53014,30867,22147,770,10903,2692,8211,12147,10680,1467,1485
Shropshire,129674,89688,49998,39690,830,17448,6458,10990,19421,17013,2408,2287
Stoke-on-Trent,107575,63928,30628,33300,419,25999,19712,6287,15440,14176,1264,1789
Telford and Wrekin,66608,42417,18106,24311,292,13106,5409,7697,9979,9055,924,814
Cannock Chase,40664,28106,12388,15718,248,6880,5291,1589,4938,4509,429,492
East Staffordshire,47251,32879,16574,16305,260,6367,1984,4383,7152,6519,633,593
Lichfield,41224,31155,15948,15207,242,5446,648,4798,3932,3475,457,449
Newcastle-under-Lyme,52574,36332,18495,17837,226,9840,3399,6441,5511,4932,579,665
South Staffordshire,44458,33669,17809,15860,249,6193,646,5547,3772,3371,401,575
Stafford,55703,39880,20259,19621,279,7618,2420,5198,7206,6239,967,720
Staffordshire Moorlands,41772,33288,18413,14875,127,3699,1343,2356,4103,3595,508,555
Tamworth,31617,21575,8790,12785,158,6108,4482,1626,3476,3157,319,300
North Warwickshire,25812,18686,9007,9679,176,3719,2687,1032,2913,2635,278,318
Nuneaton and Bedworth,52711,37617,17545,20072,270,7633,5785,1848,6683,6041,642,508
Rugby,41875,29086,13772,15314,403,5993,3860,2133,5903,5281,622,490
Stratford-on-Avon,51928,37304,20315,16989,561,6713,594,6119,6596,5885,711,754
Warwick,58679,39111,19157,19954,510,7866,5337,2529,10513,9786,727,679
Birmingham,410736,226616,106416,120200,3940,99592,63458,36134,73405,68647,4758,7183
Coventry,128592,77880,37644,40236,750,21914,6988,14926,26503,24461,2042,1545
Dudley,129867,89304,45383,43921,707,25719,21874,3845,12004,10938,1066,2133
Sandwell,121498,69135,32253,36882,701,33439,27587,5852,15674,14583,1091,2549
Solihull,86056,63559,32227,31332,527,12834,10199,2635,8502,7795,707,634
Walsall,107822,67265,33516,33749,601,25967,10774,15193,12569,11533,1036,1420
Wolverhampton,102177,57812,29416,28396,419,28648,22796,5852,13455,12517,938,1843
Bromsgrove,38290,30436,15554,14882,248,3819,1139,2680,3370,3035,335,417
Malvern Hills,32212,23146,13680,9466,263,4547,558,3989,3720,3339,381,536
Redditch,34722,22796,9204,13592,134,7351,5703,1648,4059,3700,359,382
Worcester,42042,27077,12181,14896,436,6438,2356,4082,7645,7093,552,446
Wychavon,49466,35973,19158,16815,225,7166,771,6395,5419,4843,576,683
Wyre Forest,42985,30360,16196,14164,259,6205,2885,3320,5660,5155,505,501
Bedford,63812,41937,20018,21919,665,10252,1155,9097,10110,9310,800,848
Central Bedfordshire,104399,75743,33039,42704,874,13981,5464,8517,12612,10973,1639,1189
Luton,74293,44696,18619,26077,288,11715,7973,3742,16816,15802,1014,778
Peterborough,74023,43877,19134,24743,689,14434,4751,9683,14168,12855,1313,855
Southend-on-Sea,74678,48666,22960,25706,306,8597,5079,3518,16439,15472,967,670
Thurrock,62353,41278,15899,25379,302,11503,10055,1448,8772,8220,552,498
Cambridge,46714,22171,11639,10532,526,11023,7109,3914,12258,11170,1088,736
East Cambridgeshire,34614,23719,11145,12574,506,4944,457,4487,4576,4144,432,869
Fenland,40620,28436,14490,13946,205,5054,895,4159,6341,5802,539,584
Huntingdonshire,69333,49398,22171,27227,508,8939,1811,7128,9770,8636,1134,718
South Cambridgeshire,59960,42129,20759,21370,1258,8546,5464,3082,7174,6213,961,853
Basildon,72746,47972,21037,26935,720,15976,10309,5667,7448,6825,623,630
Braintree,61043,41872,18609,23263,362,10055,2378,7677,8083,7332,751,671
Brentwood,30646,23028,11634,11394,194,3586,2703,883,3452,3148,304,386
Castle Point,36440,30101,15691,14410,103,1949,1453,496,3968,3584,384,319
Chelmsford,69667,50978,23696,27282,450,9120,1456,7664,8349,7621,728,770
Colchester,71634,47507,22840,24667,325,9669,5894,3775,13390,11689,1701,743
Epping Forest,51991,37565,18070,19495,206,7803,6208,1595,5742,5307,435,675
Harlow,34620,19429,7351,12078,326,10808,9327,1481,3756,3474,282,301
Maldon,25817,20251,10314,9937,97,2685,157,2528,2493,2208,285,291
Rochford,33564,27822,13927,13895,79,2547,406,2141,2844,2535,309,272
Tendring,62105,45752,27696,18056,238,5243,2988,2255,10064,9210,854,808
Uttlesford,31316,22425,10668,11757,321,3961,2660,1301,4108,3608,500,501
Broxbourne,37658,27460,12262,15198,418,5297,1106,4191,4199,3934,265,284
Dacorum,59938,38877,17458,21419,373,13045,10407,2638,7107,6516,591,536
East Hertfordshire,56577,40665,18186,22479,508,7185,1129,6056,7446,6906,540,773
Hertsmere,39778,26897,12489,14408,471,6932,756,6176,4981,4500,481,497
North Hertfordshire,53426,35072,16201,18871,472,10304,3774,6530,6993,6460,533,585
St Albans,56140,40831,19409,21422,261,6832,4753,2079,7624,7065,559,592
Stevenage,34898,20339,7736,12603,422,9902,7964,1938,3980,3630,350,255
Three Rivers,35108,25532,11988,13544,194,5318,1680,3638,3708,3253,455,356
Watford,36681,22608,8954,13654,426,5987,1469,4518,7371,6930,441,289
Welwyn Hatfield,43613,24995,11561,13434,395,11741,8693,3048,5911,5532,379,571
Breckland,54519,37427,20167,17260,310,7511,1287,6224,8294,7306,988,977
Broadland,53336,42343,23080,19263,304,4567,480,4087,5519,4860,659,603
Great Yarmouth,42079,27073,15024,12049,146,7255,5824,1431,6926,6280,646,679
King`s Lynn and West Norfolk,62977,43707,24908,18799,275,8393,1946,6447,9278,7832,1446,1324
North Norfolk,46046,32293,21083,11210,199,5904,1123,4781,6664,5997,667,986
Norwich,60319,26442,12463,13979,433,19702,15222,4480,13089,12122,967,653
South Norfolk,52809,39555,21563,17992,537,5965,1440,4525,5916,5278,638,836
Babergh,37522,26981,14861,12120,178,4912,3343,1569,4714,4022,692,737
Forest Heath,25376,14174,6907,7267,354,3739,1357,2382,6195,5532,663,914
Ipswich,57298,32467,14723,17744,368,12371,8138,4233,11421,10742,679,671
Mid Suffolk,40306,30262,15876,14386,343,4544,3280,1264,4515,3804,711,642
St Edmundsbury,45802,30626,15437,15189,376,7321,2808,4513,6798,5892,906,681
Suffolk Coastal,53558,39193,22774,16419,234,6066,521,5545,7267,6487,780,798
Waveney,50883,35290,20503,14787,215,7148,4234,2914,7578,6920,658,652
Camden,97534,31368,16644,14724,674,32295,22473,9822,31434,29706,1728,1763
City of London,4385,1855,1093,762,13,725,458,267,1573,1451,122,219
Hackney,101690,24179,8597,15582,2374,44430,24163,20267,29449,28112,1337,1258
Hammersmith and Fulham,80590,27397,12777,14620,1257,25133,12683,12450,25555,24215,1340,1248
Haringey,101955,39603,16326,23277,1533,27242,17288,9954,32095,30924,1171,1482
Islington,93556,26564,10587,15977,1207,39342,25014,14328,25217,23954,1263,1226
Kensington and Chelsea,78536,28007,17933,10074,700,19271,7201,12070,28108,26676,1432,2450
Lambeth,130017,42885,14778,28107,1987,45619,25496,20123,38133,36023,2110,1393
Lewisham,116091,49228,17273,31955,1436,36052,18084,17968,28216,26665,1551,1159
Newham,101519,33822,12993,20829,1806,30092,18592,11500,34570,33118,1452,1229
Southwark,120422,35330,11805,23525,2453,52644,37628,15016,28493,26752,1741,1502
Tower Hamlets,101257,24552,8648,15904,2383,40106,17548,22558,32964,31227,1737,1252
Wandsworth,130493,59393,24067,35326,1911,26516,16752,9764,41317,39171,2146,1356
Westminster,105772,32287,18692,13595,885,27348,12543,14805,41949,39732,2217,3303
Barking and Dagenham,69681,32324,11908,20416,906,23459,19782,3677,12328,11559,769,664
Barnet,135916,78350,38105,40245,1191,19334,11664,7670,34854,33175,1679,2187
Bexley,92604,67154,30127,37027,754,13377,1693,11684,10556,9721,835,763
Brent,110286,47324,22416,24908,1636,26591,10686,15905,33181,31784,1397,1554
Bromley,130862,92785,43649,49136,1036,18425,1987,16438,17393,16229,1164,1223
Croydon,145010,85230,34882,50348,1855,25887,14362,11525,30472,28762,1710,1566
Ealing,124082,63420,28414,35006,2174,22472,13007,9465,34182,32696,1486,1834
Enfield,119916,69462,31452,38010,1087,21073,13666,7407,26591,25395,1196,1703
Greenwich,101045,43719,16585,27134,1580,34662,22878,11784,20004,18678,1326,1080
Harrow,84268,55001,26246,28755,821,8923,5157,3766,18324,17165,1159,1199
Havering,97199,71698,34625,37073,586,13799,10464,3335,10337,9601,736,779
Hillingdon,100214,63011,27921,35090,1280,16752,10481,6271,18141,16691,1450,1030
Hounslow,94902,47562,20048,27514,2245,21682,14296,7386,22206,21099,1107,1207
Kingston upon Thames,63639,40762,17727,23035,434,7502,5252,2250,14312,13391,921,629
Merton,78757,46689,20160,26529,671,11102,2887,8215,19503,18478,1025,792
Redbridge,99105,62983,27911,35072,1003,11289,6269,5020,22657,21441,1216,1173
Richmond upon Thames,79835,50750,23756,26994,601,10051,2451,7600,17440,16410,1030,993
Sutton,78174,53152,22357,30795,611,11422,6421,5001,12429,11671,758,560
Waltham Forest,96861,48361,19396,28965,1018,21376,10401,10975,25102,23919,1183,1004
Bracknell Forest,45878,31419,11420,19999,527,7678,2600,5078,5734,4874,860,520
Brighton and Hove,121540,64790,28397,36393,1045,18187,11928,6259,35959,34081,1878,1559
Isle of Wight,61085,42817,25091,17726,362,6523,598,5925,10639,9663,976,744
Medway,106209,71853,30697,41156,1114,13996,4155,9841,18153,16627,1526,1093
Milton Keynes,98584,56913,21157,35756,5985,17763,10801,6962,17066,15930,1136,857
Portsmouth,85473,46897,20616,26281,825,15611,10001,5610,21098,19044,2054,1042
Reading,62869,34479,14222,20257,1130,10242,6322,3920,16394,15517,877,624
Slough,50766,26755,9502,17253,686,10476,6656,3820,12348,11713,635,501
Southampton,98254,48873,21286,27587,1013,22867,16633,6234,24449,23007,1442,1052
West Berkshire,62340,43435,19455,23980,695,8628,575,8053,8555,7457,1098,1027
Windsor and Maidenhead,58349,39676,19013,20663,358,7748,711,7037,9432,8099,1333,1135
Wokingham,60332,48103,21461,26642,679,4236,2845,1391,6755,6001,754,559
Aylesbury Vale,69406,49702,21607,28095,600,8982,2333,6649,9234,8096,1138,888
Chiltern,36946,28418,15191,13227,257,4573,657,3916,3314,3039,275,384
South Bucks,26514,19453,10099,9354,402,3266,261,3005,3011,2653,358,382
Wycombe,67861,47279,21887,25392,687,8650,5792,2858,10316,8900,1416,929
Eastbourne,45012,27788,15071,12717,295,5953,3348,2605,10494,9747,747,482
Hastings,41159,22706,11071,11635,193,5988,763,5225,11863,11191,672,409
Lewes,42181,30648,16797,13851,285,4609,3196,1413,6108,5557,551,531
Rother,40877,30060,18554,11506,219,4242,712,3530,5742,5190,552,614
Wealden,62676,49355,26483,22872,503,4808,2956,1852,6973,6214,759,1037
Basingstoke and Deane,69315,46936,19517,27419,958,12346,540,11806,8172,7473,699,903
East Hampshire,47258,34919,17520,17399,431,5681,742,4939,5517,4636,881,710
Eastleigh,52177,38362,17228,21134,552,6411,573,5838,6438,5864,574,414
Fareham,46579,37460,18279,19181,277,3785,2370,1415,4645,3906,739,412
Gosport,35430,23115,10413,12702,381,5815,3297,2518,5777,4506,1271,342
Hart,35510,27747,12610,15137,406,2718,215,2503,4286,3380,906,353
Havant,51311,35387,18169,17218,281,10037,5300,4737,5087,4510,577,519
New Forest,76839,57603,33430,24173,484,8440,5185,3255,9293,8153,1140,1019
Rushmoor,36344,23089,8434,14655,647,5927,771,5156,6379,4607,1772,302
Test Valley,47626,33501,16412,17089,311,6854,2115,4739,6128,4964,1164,832
Winchester,46865,31646,16385,15261,426,7243,4970,2273,6604,5617,987,946
Ashford,47787,32685,15200,17485,638,6915,4702,2213,6849,6173,676,700
Canterbury,60771,40107,21578,18529,500,7409,5039,2370,11876,10665,1211,879
Dartford,40081,26819,11012,15807,537,5947,4338,1609,6385,6003,382,393
Dover,48310,32142,17034,15108,245,6864,4277,2587,8254,7394,860,805
Gravesham,40431,26099,12408,13691,305,7008,5628,1380,6524,6108,416,495
Maidstone,63447,44700,20885,23815,671,8066,1495,6571,9256,8264,992,754
Sevenoaks,47020,34200,17642,16558,798,6218,800,5418,5057,4547,510,747
Shepway,47379,30715,16744,13971,214,5311,3284,2027,10520,9557,963,619
Swale,55585,37951,17444,20507,569,7942,1216,6726,8446,7735,711,677
Thanet,59513,36907,19903,17004,206,7537,3019,4518,14151,13072,1079,712
Tonbridge and Malling,48140,34246,15677,18569,717,7762,930,6832,4869,4320,549,546
Tunbridge Wells,47174,30999,15111,15888,376,7148,566,6582,7995,7412,583,656
Cherwell,56728,39303,17512,21791,443,6872,1453,5419,9206,8304,902,904
Oxford,55375,25873,13277,12596,959,11828,7513,4315,15634,14458,1176,1081
South Oxfordshire,54104,39461,20113,19348,459,6163,854,5309,7211,5999,1212,810
Vale of White Horse,49407,34750,17704,17046,514,6583,1230,5353,6733,5423,1310,827
West Oxfordshire,43241,30141,14915,15226,548,5387,738,4649,6423,5108,1315,742
Elmbridge,52922,38660,18119,20541,393,5218,1124,4094,8006,7478,528,645
Epsom and Ewell,29784,22931,10969,11962,257,2390,166,2224,3962,3628,334,244
Guildford,53973,37148,18204,18944,702,6908,4928,1980,8522,7426,1096,693
Mole Valley,35828,26362,14011,12351,331,4373,531,3842,4270,3795,475,492
Reigate and Banstead,55423,40486,18393,22093,673,6605,1345,5260,7169,6653,516,490
Runnymede,32714,22731,10827,11904,326,4210,2897,1313,4974,4492,482,473
Spelthorne,39512,28671,13403,15268,540,4911,636,4275,5004,4633,371,386
Surrey Heath,33546,25769,11668,14101,269,3089,394,2695,4073,3420,653,346
Tandridge,33342,25302,12074,13228,313,3610,2567,1043,3666,3236,430,451
Waverley,49280,36295,18572,17723,491,6068,4662,1406,5577,4966,611,849
Woking,39467,27829,12479,15350,368,4704,3308,1396,6186,5745,441,380
Adur,26957,19883,10191,9692,154,3523,2652,871,3079,2762,317,318
Arun,66706,49254,28581,20673,566,5886,3225,2661,10211,9427,784,789
Chichester,49848,33481,20210,13271,455,7407,1084,6323,7423,6356,1067,1082
Crawley,42727,25228,9480,15748,588,10194,7954,2240,6214,5789,425,503
Horsham,54923,40926,20486,20440,363,6347,672,5675,6480,5772,708,807
Mid Sussex,57409,42658,20408,22250,561,6092,295,5797,7322,6719,603,776
Worthing,47044,32621,16373,16248,217,4695,988,3707,9102,8424,678,409
Bath and North East Somerset,73515,49068,25827,23241,368,10614,2528,8086,12447,11408,1039,1018
Bournemouth,82374,47057,22820,24237,569,9206,4895,4311,24685,23234,1451,857
"Bristol, City of",182747,98708,44928,53780,1385,37083,26494,10589,43028,40401,2627,2543
Cornwall,230389,158524,92113,66411,1757,27655,12833,14822,38605,33938,4667,3848
Isles of Scilly,989,412,313,99,8,179,121,58,294,204,90,96
North Somerset,88227,64365,32474,31891,542,8103,3104,4999,14270,13058,1212,947
Plymouth,109307,64157,29763,34394,841,21095,9403,11692,22026,19431,2595,1188
Poole,63530,44702,22719,21983,557,7324,4143,3181,10275,9293,982,672
South Gloucestershire,107538,80586,37050,43536,497,10633,2063,8570,14600,13124,1476,1222
Swindon,88360,57902,22749,35153,1118,14382,10269,4113,14169,13020,1149,789
Torbay,59010,39424,21503,17921,554,4762,505,4257,13696,12647,1049,574
Wiltshire,194194,131083,65734,65349,1463,28591,7604,20987,29968,22903,7065,3089
East Devon,59071,44283,27837,16446,319,5515,3915,1600,8041,7034,1007,913
Exeter,49242,29443,14809,14634,470,8386,4769,3617,10336,9633,703,607
Mid Devon,32758,22626,12206,10420,305,4135,2843,1292,5091,4605,486,601
North Devon,40001,27383,15638,11745,271,4316,971,3345,7341,6377,964,690
South Hams,36858,26440,15775,10665,400,4195,642,3553,5259,4638,621,564
Teignbridge,54003,39678,22015,17663,495,4813,1169,3644,8358,7526,832,659
Torridge,27986,19998,11998,8000,197,2524,542,1982,4746,4275,471,521
West Devon,22725,16630,10003,6627,148,2158,582,1576,3409,3025,384,380
Christchurch,21475,15967,9814,6153,182,2784,200,2584,2321,2115,206,221
East Dorset,37564,30371,18017,12354,111,3120,292,2828,3471,3028,443,491
North Dorset,28670,20002,11286,8716,217,3865,282,3583,4094,3247,847,492
Purbeck,19583,13613,8306,5307,165,2446,444,2002,3005,2391,614,354
West Dorset,44386,30823,19563,11260,370,6159,367,5792,6093,5419,674,941
Weymouth and Portland,28535,19061,10421,8640,161,3894,1293,2601,5073,4651,422,346
Cheltenham,50929,32879,16363,16516,360,6227,4091,2136,10925,10260,665,538
Cotswold,36236,23803,13691,10112,441,5388,623,4765,5518,4767,751,1086
Forest of Dean,34167,25371,13966,11405,186,4237,773,3464,3835,3261,574,538
Gloucester,50363,33858,14729,19129,557,6714,3921,2793,8755,8012,743,479
Stroud,47794,34988,18187,16801,285,6097,4823,1274,5791,5288,503,633
Tewkesbury,35126,25844,13391,12453,330,4190,727,3463,4351,3611,740,411
Mendip,46157,32438,17387,15051,349,5473,1320,4153,7136,6449,687,761
Sedgemoor,48801,34802,18320,16482,273,5951,3670,2281,7113,6380,733,662
South Somerset,69501,48855,26718,22137,542,9697,2811,6886,9272,7881,1391,1135
Taunton Deane,46907,31393,16329,15064,251,7321,5439,1882,7227,6506,721,715
West Somerset,15623,10421,7024,3397,72,2288,181,2107,2510,2189,321,332
Anglesey,30594,20971,12444,8527,63,4487,3899,588,4324,3699,625,749
Gwynedd,52473,34324,21168,13156,171,8561,4385,4176,8060,6978,1082,1357
Conwy,51177,35501,20409,15092,378,5946,2592,3354,8534,7729,805,818
Denbighshire,40546,27792,14937,12855,267,5325,3283,2042,6446,5798,648,716
Flintshire,63781,46451,22397,24054,340,9651,7209,2442,6729,5914,815,610
Wrexham,57029,36272,17364,18908,211,12803,10942,1861,6775,6062,713,968
Powys,58345,40090,25626,14464,179,8161,5371,2790,8638,7522,1116,1277
Ceredigion,31562,21323,13821,7502,110,3196,1008,2188,6275,5653,622,658
Pembrokeshire,53122,36558,22307,14251,140,8312,5822,2490,7188,6180,1008,924
Carmarthenshire,78829,56326,32648,23678,178,11672,8833,2839,9301,8196,1105,1352
Swansea,103497,66259,34576,31683,308,19878,13104,6774,15260,13688,1572,1792
Neath Port Talbot,60393,41479,21976,19503,111,11545,7496,4049,6186,5404,782,1072
Bridgend,58515,42348,20459,21889,143,8099,2332,5767,7188,6310,878,737
The Vale of Glamorgan,53505,38647,18954,19693,125,6354,4025,2329,7813,6780,1033,566
Cardiff,142557,84262,37788,46474,639,24374,13547,10827,31220,28972,2248,2062
"Rhondda, Cynon, Taff",99663,70760,36338,34422,150,13673,6836,6837,13604,12334,1270,1476
Merthyr Tydfil,24264,15843,8277,7566,42,5118,2379,2739,2809,2500,309,452
Caerphilly,74479,51632,24188,27444,216,13962,10464,3498,7995,7178,817,674
Blaenau Gwent,30416,18884,10019,8865,40,7284,3364,3920,3892,3480,412,316
Torfaen,38524,25518,12176,13342,199,9100,3840,5260,3315,2894,421,392
Monmouthshire,38233,28142,15269,12873,141,5288,1590,3698,4130,3651,479,532
Newport,61172,39272,18229,21043,325,12122,5981,6141,8572,7870,702,881
